2,2.01798,2.0247,2.0205,2.00598,1.98198,1.94953,1.90988,1.86441,1.81461,1.76206,1.70834,1.65505,1.6037,1.55572,1.51242,1.47494,1.44424,1.42107,1.40597,1.39923,1.40092,1.41089,1.42875,1.45391,1.48563,1.52298,1.56493,1.61036,1.65814,1.70708,1.75609,1.80412,1.85026,1.89371,1.93387,1.9703,2.00274,2.03112,2.05552,2.07617,2.0934,2.10763,2.11928,2.12881,2.1366,2.14295,2.14806,2.152,2.15471,2.15598,2.15547,2.15274,2.14728,2.13855,2.12598,2.10908,2.08743,2.06075,2.02891,1.99197,1.95018,1.90399,1.85405,1.80117,1.74634,1.69062,1.63519,1.58123,1.52993,1.48242,1.43975,1.40286,1.37252,1.34937,1.33385,1.32624,1.32665,1.33499,1.35104,1.3744,1.40455,1.44082,1.48246,1.52858,1.57822,1.63033,1.68377,1.73738,1.78992,1.84015,1.88681,1.92867,1.96453,1.99327,2.01389,2.02549,2.02737,2.01898,2
2.02165,2.04229,2.05177,2.0504,2.03872,2.01754,1.98786,1.95087,1.90792,1.86047,1.81003,1.75817,1.70644,1.65634,1.60928,1.56656,1.5293,1.49847,1.47483,1.45893,1.45108,1.45139,1.45972,1.47573,1.49886,1.5284,1.56347,1.60306,1.64611,1.69149,1.73807,1.78476,1.83056,1.87455,1.91598,1.95423,1.98887,2.01967,2.04652,2.06953,2.0889,2.10497,2.11812,2.1288,2.13742,2.14437,2.14994,2.15432,2.1576,2.15969,2.16041,2.15945,2.15637,2.15071,2.14193,2.12954,2.11308,2.09219,2.06661,2.03628,2.00129,1.96194,1.9187,1.87224,1.82339,1.77309,1.7224,1.67245,1.62435,1.5792,1.53805,1.50183,1.47135,1.44727,1.43007,1.42009,1.41747,1.42219,1.43408,1.45284,1.47799,1.509,1.54518,1.58579,1.62998,1.67684,1.72542,1.77467,1.82353,1.8709,1.91564,1.95662,1.99271,2.02284,2.04598,2.0612,2.06768,2.06476,2.05194,2.02892
2.03281,2.05629,2.06878,2.07056,2.06213,2.04425,2.01786,1.98411,1.94427,1.89976,1.85204,1.80263,1.75302,1.70469,1.65901,1.61725,1.58053,1.54982,1.52587,1.50925,1.50029,1.49912,1.50564,1.51955,1.54033,1.5673,1.59964,1.6364,1.67655,1.719,1.76267,1.8065,1.84953,1.89087,1.92978,1.96566,1.99811,2.02688,2.05189,2.07321,2.09105,2.10574,2.11766,2.12721,2.13481,2.14083,2.14556,2.14917,2.15175,2.15323,2.15343,2.15206,2.14873,2.14298,2.13435,2.12238,2.10666,2.08689,2.06289,2.03462,2.00223,1.96607,1.92662,1.88457,1.84075,1.79607,1.75157,1.70828,1.66726,1.62949,1.5959,1.56729,1.54431,1.52747,1.51711,1.5134,1.51634,1.52579,1.54146,1.56295,1.58975,1.62127,1.65682,1.6957,1.7371,1.78021,1.82416,1.86804,1.91093,1.95185,1.98984,2.0239,2.05305,2.07633,2.09285,2.10176,2.10233,2.09397,2.0762,2.04875
2.03381,2.06028,2.07602,2.08126,2.07647,2.06232,2.03971,2.00971,1.97355,1.93255,1.88812,1.84171,1.79477,1.7487,1.70485,1.66446,1.62862,1.59829,1.57421,1.55697,1.54692,1.54421,1.54878,1.56037,1.57851,1.60259,1.63182,1.66531,1.70208,1.74112,1.78138,1.82186,1.86163,1.89983,1.93578,1.96888,1.99875,2.02515,2.04799,2.06736,2.08346,2.09659,2.1071,2.11541,2.12191,2.12693,2.13076,2.13359,2.13547,2.13635,2.13608,2.13437,2.13088,2.1252,2.11691,2.1056,2.09095,2.0727,2.05073,2.02508,1.99594,1.96369,1.92887,1.89215,1.85435,1.81637,1.77917,1.74372,1.71095,1.68174,1.65687,1.63696,1.62252,1.61386,1.61114,1.61437,1.62338,1.63789,1.65749,1.68169,1.7099,1.74151,1.77585,1.81223,1.84994,1.88826,1.92646,1.96377,1.99942,2.03264,2.06261,2.08852,2.10956,2.12493,2.13384,2.13558,2.12952,2.1151,2.09192,2.05972
2.02523,2.05482,2.07401,2.08298,2.08214,2.07212,2.05373,2.02798,1.99599,1.95903,1.91842,1.87554,1.83176,1.78844,1.74686,1.70822,1.67359,1.64389,1.61989,1.60216,1.59107,1.5868,1.58933,1.59844,1.61373,1.63462,1.66041,1.69026,1.72326,1.75846,1.79487,1.83156,1.86763,1.90229,1.93486,1.96481,1.99176,2.01548,2.0359,2.05309,2.06724,2.07864,2.08764,2.09461,2.09992,2.1039,2.10682,2.10885,2.11005,2.11037,2.10968,2.10773,2.1042,2.09875,2.09099,2.08062,2.06734,2.05099,2.03152,2.00903,1.98377,1.95615,1.92674,1.89623,1.86541,1.83514,1.8063,1.77977,1.75637,1.73682,1.72174,1.71156,1.70659,1.70695,1.7126,1.72335,1.73885,1.75866,1.78225,1.80902,1.83834,1.86956,1.90202,1.9351,1.96818,2.00065,2.03194,2.06147,2.08866,2.11292,2.13366,2.15026,2.16209,2.16851,2.16892,2.16271,2.14934,2.12835,2.09937,2.06217
2.00786,2.04065,2.06344,2.07637,2.07977,2.07421,2.06042,2.03932,2.01196,1.9795,1.94319,1.9043,1.86415,1.82401,1.78511,1.74859,1.71549,1.68671,1.66299,1.64491,1.63287,1.62707,1.62752,1.63406,1.64633,1.66383,1.68592,1.71184,1.74075,1.77175,1.80396,1.83648,1.86849,1.89924,1.92811,1.95459,1.97832,1.99911,2.01687,2.03169,2.04374,2.05329,2.06067,2.06624,2.07032,2.07325,2.07525,2.0765,2.07705,2.07688,2.07585,2.07375,2.07032,2.06525,2.05824,2.04904,2.03745,2.02337,2.00683,1.98801,1.9672,1.94488,1.92163,1.89813,1.87516,1.85352,1.83401,1.81741,1.80437,1.79548,1.79113,1.79158,1.7969,1.807,1.82161,1.84032,1.86261,1.88787,1.91541,1.94454,1.97457,2.00484,2.03472,2.06364,2.09111,2.11668,2.13993,2.1605,2.17802,2.19215,2.2025,2.20869,2.2103,2.20688,2.19799,2.18315,2.16194,2.13397,2.09891,2.05655
1.98269,2.01873,2.04522,2.06226,2.07011,2.06927,2.06039,2.04429,2.02192,1.99436,1.96274,1.92827,1.89215,1.85559,1.81973,1.78568,1.75442,1.72682,1.70361,1.68537,1.6725,1.66523,1.66362,1.66755,1.67672,1.6907,1.70892,1.7307,1.75527,1.78183,1.80955,1.83762,1.86528,1.89185,1.91674,1.9395,1.9598,1.97744,1.99238,2.00468,2.01452,2.02213,2.02783,2.03195,2.0348,2.03667,2.03778,2.03829,2.03826,2.03766,2.03638,2.03424,2.03103,2.02651,2.02045,2.01266,2.00303,1.99156,1.97835,1.96364,1.94782,1.93138,1.91492,1.89915,1.88479,1.87259,1.86326,1.85743,1.85563,1.85822,1.86541,1.87723,1.89351,1.9139,1.93791,1.9649,1.99414,2.02484,2.05617,2.08735,2.11762,2.14631,2.17284,2.19674,2.21763,2.23524,2.24935,2.25983,2.26658,2.26947,2.2684,2.26322,2.25374,2.23972,2.22087,2.19689,2.16744,2.13222,2.09094,2.04339
1.95084,1.99013,2.02038,2.04162,2.05407,2.05813,2.05438,2.04353,2.02644,2.00408,1.97749,1.94776,1.91601,1.88335,1.85088,1.81961,1.79048,1.76433,1.74186,1.72365,1.71011,1.7015,1.69791,1.69926,1.70533,1.71575,1.73002,1.74754,1.76764,1.78958,1.81264,1.83606,1.85918,1.88136,1.90209,1.92095,1.93765,1.95202,1.96401,1.9737,1.98124,1.98687,1.99087,1.99354,1.99517,1.99602,1.99629,1.99612,1.99557,1.99462,1.99319,1.99113,1.98828,1.98446,1.97951,1.97334,1.96593,1.95735,1.94779,1.93759,1.92718,1.9171,1.90799,1.90052,1.8954,1.89329,1.89481,1.90045,1.91054,1.92528,1.94462,1.96836,1.99606,2.02712,2.0608,2.09621,2.1324,2.1684,2.20325,2.23605,2.266,2.29243,2.31483,2.33281,2.34616,2.35479,2.35874,2.35811,2.35306,2.34377,2.33039,2.31304,2.29177,2.26655,2.23729,2.20382,2.16593,2.12336,2.07587,2.02325
1.91357,1.95606,1.99006,2.01553,2.03264,2.0417,2.04319,2.03776,2.02614,2.00919,1.98785,1.96312,1.936,1.90753,1.87871,1.8505,1.82376,1.79931,1.77783,1.75988,1.74587,1.73608,1.73064,1.72953,1.73257,1.73947,1.7498,1.76305,1.77863,1.79591,1.81421,1.83291,1.85138,1.86907,1.88554,1.9004,1.91342,1.92443,1.93342,1.94046,1.94569,1.94933,1.95164,1.95289,1.95334,1.95322,1.95272,1.95195,1.95097,1.94977,1.94828,1.94641,1.94404,1.94105,1.93737,1.93299,1.92798,1.92251,1.91687,1.91145,1.90677,1.90342,1.90204,1.9033,1.90787,1.91633,1.92918,1.94676,1.96922,1.99653,2.02842,2.0644,2.10377,2.14568,2.18908,2.23285,2.27583,2.31685,2.3548,2.38869,2.41769,2.44113,2.45857,2.46976,2.47465,2.47337,2.46622,2.45357,2.43587,2.41361,2.38722,2.3571,2.32356,2.28679,2.24687,2.20379,2.15744,2.10763,2.05413,1.99673
1.87223,1.91782,1.95549,1.98514,2.00688,2.02094,2.02772,2.02775,2.02168,2.01025,1.99431,1.97473,1.95243,1.92835,1.9034,1.87846,1.85436,1.83186,1.8116,1.79413,1.77988,1.76913,1.76205,1.75865,1.75882,1.76233,1.76884,1.77791,1.78904,1.80168,1.81527,1.82924,1.84306,1.85627,1.86845,1.87931,1.88863,1.89629,1.90228,1.90668,1.90963,1.91132,1.912,1.91189,1.91124,1.91023,1.90904,1.90776,1.90644,1.90508,1.90364,1.90206,1.90026,1.8982,1.8959,1.89342,1.89094,1.88872,1.88715,1.8867,1.88794,1.89152,1.8981,1.90834,1.92285,1.94214,1.96658,1.99634,2.03139,2.07146,2.11603,2.16433,2.2154,2.26807,2.32104,2.37293,2.42235,2.46793,2.50844,2.5428,2.57014,2.58982,2.60148,2.60503,2.60061,2.5886,2.56954,2.54412,2.51311,2.47729,2.43742,2.39418,2.34812,2.29968,2.24912,2.19655,2.14197,2.08524,2.02615,1.96443
1.8282,1.87676,1.91795,1.95165,1.9779,1.99686,2.00885,2.0143,2.01375,2.00786,1.99734,1.98297,1.96559,1.94601,1.92508,1.9036,1.88234,1.862,1.8432,1.82647,1.81223,1.80078,1.7923,1.78686,1.7844,1.78475,1.78764,1.79272,1.79957,1.80774,1.81673,1.82609,1.83537,1.84416,1.85215,1.85907,1.86476,1.86913,1.8722,1.87404,1.87478,1.87461,1.87374,1.87237,1.87071,1.86893,1.86715,1.86546,1.8639,1.86248,1.86117,1.85994,1.85879,1.85773,1.85686,1.85634,1.85644,1.85751,1.86005,1.8646,1.87181,1.88237,1.89695,1.9162,1.94069,1.97083,2.00686,2.04879,2.09638,2.14912,2.20624,2.26668,2.32919,2.39231,2.45446,2.51401,2.56932,2.61888,2.66128,2.69539,2.7203,2.73543,2.74053,2.73565,2.72117,2.6977,2.6661,2.62737,2.58259,2.53289,2.47933,2.42287,2.36435,2.3044,2.24347,2.18182,2.1195,2.05642,1.99235,1.92699
1.78291,1.83422,1.87872,1.91627,1.94683,1.9705,1.98751,1.99821,2.00306,2.00258,1.99741,1.98823,1.97575,1.96072,1.94388,1.92598,1.90772,1.88974,1.87262,1.85688,1.84293,1.83107,1.82151,1.81435,1.80957,1.80706,1.80663,1.808,1.81084,1.81478,1.81942,1.82438,1.82931,1.83388,1.83783,1.84097,1.84318,1.8444,1.84467,1.84408,1.84274,1.84084,1.83855,1.83605,1.8335,1.83105,1.8288,1.82681,1.82511,1.82371,1.8226,1.82179,1.82132,1.82128,1.82184,1.82325,1.82587,1.83018,1.83674,1.84619,1.85925,1.87663,1.89905,1.92714,1.96139,2.00215,2.0495,2.10331,2.16311,2.22815,2.29739,2.36951,2.44294,2.51594,2.58665,2.65318,2.71369,2.76645,2.80997,2.84302,2.86471,2.87452,2.8723,2.8583,2.83312,2.79766,2.75308,2.70071,2.64197,2.57832,2.51113,2.44168,2.37103,2.30005,2.22935,2.15928,2.08998,2.02136,1.95318,1.88505
1.73774,1.79154,1.83909,1.88019,1.91476,1.94285,1.9646,1.98029,1.99027,1.995,1.99499,1.99084,1.98317,1.97264,1.95992,1.94566,1.93049,1.91503,1.89982,1.88532,1.87194,1.86,1.8497,1.84117,1.83445,1.82948,1.82611,1.82415,1.82334,1.82339,1.82401,1.82489,1.82576,1.82638,1.82655,1.82614,1.82508,1.82336,1.82103,1.81819,1.81495,1.81147,1.80792,1.80444,1.80116,1.79818,1.79558,1.79339,1.79164,1.79032,1.78946,1.78909,1.7893,1.79023,1.79214,1.79538,1.80039,1.80775,1.8181,1.83219,1.85079,1.87467,1.90455,1.94104,1.98461,2.03547,2.09362,2.15871,2.23009,2.30677,2.38744,2.47048,2.55404,2.6361,2.71452,2.78716,2.85197,2.90706,2.95081,2.98196,2.99962,3.00334,2.99314,2.96943,2.93309,2.88529,2.82751,2.76143,2.68881,2.61145,2.53103,2.44911,2.367,2.28578,2.20618,2.12867,2.05342,1.98034,1.90912,1.83929
1.69402,1.75,1.80026,1.84455,1.88276,1.91488,1.94098,1.96128,1.97604,1.98564,1.99051,1.99115,1.9881,1.98194,1.97324,1.96261,1.95062,1.9378,1.92466,1.91165,1.89915,1.88746,1.8768,1.86733,1.8591,1.8521,1.84625,1.84141,1.8374,1.83401,1.83102,1.82822,1.82541,1.82243,1.81915,1.8155,1.81147,1.80707,1.80239,1.79752,1.7926,1.78776,1.78313,1.77884,1.77498,1.77162,1.76879,1.76651,1.76478,1.76361,1.76302,1.76306,1.76389,1.7657,1.76882,1.77368,1.78082,1.79091,1.8047,1.82301,1.84666,1.87649,1.91323,1.95747,2.00963,2.06984,2.13796,2.21346,2.29551,2.38287,2.47396,2.5669,2.65955,2.7496,2.83467,2.91236,2.98043,3.03684,3.07989,3.10825,3.12109,3.11804,3.09927,3.06543,3.01763,2.95736,2.88643,2.80685,2.72074,2.63021,2.53728,2.44375,2.35118,2.26081,2.17351,2.08982,2.00992,1.93368,1.86072,1.79045
1.65301,1.71082,1.76338,1.81043,1.85182,1.88749,1.91746,1.94189,1.96097,1.975,1.98436,1.98944,1.99073,1.98871,1.9839,1.97683,1.968,1.9579,1.947,1.93571,1.92437,1.91328,1.90267,1.89269,1.88342,1.8749,1.86708,1.85988,1.85319,1.84687,1.84077,1.83476,1.82873,1.82257,1.81624,1.80974,1.80308,1.79633,1.78959,1.78299,1.77663,1.77066,1.76517,1.76026,1.75599,1.75239,1.74946,1.74718,1.74554,1.74454,1.7442,1.7446,1.74593,1.74845,1.75255,1.75874,1.76766,1.78005,1.79677,1.8187,1.84675,1.88178,1.92456,1.97566,2.03544,2.10397,2.18095,2.26573,2.35724,2.45404,2.55429,2.65584,2.75629,2.85306,2.94352,3.02505,3.09522,3.15188,3.19322,3.21793,3.22519,3.21478,3.18701,3.14277,3.08343,3.01081,2.92704,2.83448,2.73557,2.63276,2.52835,2.42441,2.32269,2.22459,2.13109,2.04274,1.95973,1.88187,1.80865,1.73936
1.61583,1.67508,1.7295,1.77882,1.82285,1.86151,1.89479,1.92277,1.94561,1.96355,1.97689,1.98598,1.99122,1.99304,1.99189,1.98823,1.98251,1.97517,1.96662,1.95723,1.94734,1.9372,1.92704,1.91702,1.90722,1.89771,1.88848,1.8795,1.8707,1.86202,1.85337,1.8447,1.83596,1.82712,1.81821,1.80928,1.80039,1.79167,1.78322,1.77518,1.76768,1.76083,1.75472,1.7494,1.7449,1.7412,1.73828,1.73609,1.73458,1.73374,1.7336,1.73426,1.73593,1.73893,1.7437,1.75083,1.76105,1.77519,1.79418,1.81899,1.85059,1.8899,1.93769,1.99453,2.06074,2.1363,2.22081,2.31345,2.41298,2.51772,2.62562,2.73428,2.84103,2.94305,3.03748,3.12151,3.19254,3.24831,3.28696,3.30717,3.3082,3.28994,3.2529,3.1982,3.1275,3.04291,2.94691,2.84217,2.73149,2.61759,2.50307,2.39022,2.28098,2.17686,2.0789,1.98768,1.90332,1.82554,1.75372,1.68696
1.58351,1.64376,1.69954,1.75058,1.79666,1.83768,1.8736,1.90449,1.93045,1.95167,1.96842,1.98098,1.98971,1.99498,1.99718,1.99672,1.99399,1.98938,1.98325,1.97594,1.96774,1.95889,1.94959,1.93998,1.93018,1.92024,1.91019,1.90003,1.88974,1.87932,1.86873,1.85798,1.8471,1.83613,1.82516,1.81427,1.80361,1.79332,1.78354,1.77442,1.76608,1.75864,1.75214,1.74662,1.74206,1.73842,1.73562,1.73357,1.73221,1.73151,1.73148,1.73224,1.73402,1.73719,1.74225,1.74985,1.7608,1.77601,1.79649,1.8233,1.85746,1.89993,1.95152,2.01279,2.08402,2.16512,2.25558,2.35445,2.46031,2.5713,2.68513,2.79919,2.91057,3.01624,3.11311,3.19822,3.26883,3.32257,3.35757,3.37252,3.36677,3.34035,3.29396,3.22897,3.14731,3.05141,2.94407,2.82828,2.70715,2.5837,2.46074,2.34078,2.22591,2.11772,2.0173,1.92518,1.84141,1.7656,1.69693,1.63434
1.55688,1.61768,1.6743,1.72645,1.77393,1.81662,1.85448,1.88754,1.91589,1.9397,1.95919,1.97463,1.9863,1.99455,1.99972,2.00217,2.00225,2.00029,1.99661,1.9915,1.98521,1.97795,1.96989,1.96116,1.95186,1.94206,1.93179,1.92108,1.90995,1.89842,1.88654,1.87435,1.86193,1.84941,1.83691,1.8246,1.81264,1.80123,1.79052,1.78068,1.77184,1.76408,1.75745,1.75195,1.74751,1.74405,1.74146,1.73961,1.73839,1.73775,1.7377,1.73837,1.73999,1.74297,1.74786,1.75538,1.7664,1.78191,1.80299,1.83078,1.86637,1.91075,1.96477,2.02898,2.10364,2.1886,2.28326,2.38654,2.49688,2.61224,2.73013,2.84774,2.96197,3.06958,3.1673,3.25204,3.32093,3.37156,3.40202,3.41107,3.39814,3.36342,3.30782,3.23294,3.14101,3.03475,2.91725,2.79184,2.66189,2.53067,2.40122,2.27622,2.15786,2.04778,1.94705,1.85617,1.77506,1.70316,1.63948,1.58273
1.53663,1.5975,1.65439,1.70703,1.75522,1.79885,1.83787,1.87232,1.90229,1.92792,1.94943,1.96704,1.98105,1.99175,1.99945,2.00446,2.00709,2.00764,2.00638,2.00354,1.99933,1.99393,1.98746,1.98005,1.97176,1.96265,1.95276,1.94213,1.9308,1.91883,1.9063,1.89331,1.88,1.86653,1.85309,1.83988,1.82713,1.81505,1.80384,1.79366,1.78465,1.77688,1.77037,1.76509,1.76094,1.75779,1.75548,1.75384,1.75272,1.75205,1.75183,1.75215,1.7533,1.75568,1.75989,1.7667,1.77706,1.79201,1.81272,1.84038,1.87614,1.92107,1.97602,2.04157,2.11794,2.20495,2.30191,2.40766,2.5205,2.63823,2.75822,2.87745,2.99268,3.10048,3.19746,3.28038,3.34633,3.39282,3.41799,3.42063,3.40031,3.35737,3.29292,3.20882,3.10756,2.99215,2.86598,2.73263,2.59575,2.45883,2.32508,2.1973,2.07776,1.96811,1.86939,1.78197,1.70564,1.63965,1.58279,1.53354
1.52325,1.58371,1.6403,1.69277,1.74095,1.78475,1.82413,1.85914,1.88989,1.91653,1.93926,1.95833,1.97399,1.98654,1.99625,2.00342,2.00831,2.01117,2.01222,2.01167,2.00967,2.00635,2.0018,1.99609,1.98927,1.98138,1.97245,1.96251,1.95163,1.93987,1.92736,1.91422,1.90065,1.88684,1.87304,1.85949,1.84646,1.83419,1.8229,1.81277,1.80393,1.79644,1.79031,1.78545,1.78175,1.77901,1.77703,1.77559,1.77452,1.7737,1.77309,1.77281,1.77311,1.77443,1.7774,1.78285,1.79174,1.80522,1.82451,1.85087,1.88551,1.92954,1.98385,2.04904,2.12532,2.21249,2.30979,2.41599,2.52927,2.64733,2.7674,2.88631,3.00068,3.10695,3.20163,3.28139,3.34325,3.38473,3.404,3.39992,3.3722,3.32133,3.24865,3.15625,3.04687,2.92379,2.79066,2.65132,2.50963,2.36926,2.23358,2.10545,1.98717,1.88038,1.786,1.70429,1.63486,1.57674,1.52848,1.4883
1.51705,1.5766,1.6323,1.68395,1.73139,1.77457,1.81348,1.8482,1.87887,1.90566,1.9288,1.94853,1.96514,1.97888,1.99005,1.9989,2.00567,2.01059,2.01382,2.01551,2.01578,2.01471,2.01233,2.00868,2.00376,1.99758,1.99014,1.98149,1.97166,1.96076,1.9489,1.93626,1.92305,1.90952,1.89594,1.88261,1.86981,1.85782,1.84688,1.83718,1.82884,1.82193,1.8164,1.81216,1.80903,1.80679,1.80517,1.80393,1.80281,1.80168,1.80047,1.79927,1.79834,1.79812,1.79927,1.80264,1.80927,1.82034,1.83713,1.86098,1.89315,1.93481,1.98688,2.04999,2.12437,2.20977,2.30544,2.41005,2.52174,2.6381,2.75625,2.87294,2.98465,3.08777,3.17869,3.25404,3.31083,3.3466,3.35955,3.34865,3.31373,3.25548,3.17543,3.07588,2.95983,2.8308,2.69266,2.54947,2.40526,2.26387,2.12873,2.00276,1.88824,1.78673,1.69904,1.62525,1.56476,1.51636,1.47836,1.44868
1.51812,1.57628,1.63053,1.68069,1.72666,1.76842,1.80603,1.8396,1.86931,1.89538,1.91808,1.93767,1.95446,1.96872,1.98074,1.99076,1.999,2.00565,2.01085,2.01469,2.01724,2.01852,2.01852,2.01721,2.01456,2.01052,2.00509,1.99825,1.99007,1.98061,1.97003,1.9585,1.94626,1.9336,1.92081,1.90823,1.89617,1.88492,1.87475,1.86585,1.85834,1.85227,1.84757,1.84412,1.84169,1.84001,1.83877,1.83766,1.8364,1.83478,1.83272,1.83029,1.82772,1.82547,1.8242,1.82479,1.82833,1.83605,1.84929,1.86943,1.89781,1.93564,1.98389,2.04324,2.11392,2.19569,2.28779,2.38885,2.49697,2.60967,2.72402,2.83668,2.94408,3.04253,3.1284,3.1983,3.24923,3.27876,3.28519,3.2676,3.22594,3.16108,3.07473,2.96943,2.84838,2.71529,2.57426,2.42951,2.28521,2.14529,2.01323,1.89195,1.78365,1.6898,1.61104,1.54726,1.4976,1.46062,1.43433,1.4164
1.52638,1.58268,1.63491,1.68294,1.72672,1.76629,1.80177,1.83333,1.86121,1.8857,1.90709,1.92573,1.94192,1.95599,1.96821,1.97885,1.9881,1.99612,2.00302,2.00886,2.01363,2.01731,2.01983,2.02109,2.02101,2.0195,2.0165,2.01198,2.00596,1.99851,1.98977,1.97993,1.96925,1.95802,1.94657,1.93525,1.9244,1.91434,1.90534,1.89759,1.89122,1.88624,1.88258,1.88006,1.87843,1.87736,1.87648,1.87544,1.8739,1.87162,1.86846,1.86446,1.85985,1.85507,1.8508,1.84794,1.8476,1.85106,1.85972,1.87501,1.89833,1.93095,1.9739,2.02788,2.09316,2.16954,2.25625,2.35192,2.45463,2.56187,2.67068,2.77769,2.8793,2.97178,3.05151,3.1151,3.15959,3.18263,3.18257,3.15864,3.11092,3.04044,2.94911,2.83963,2.71541,2.58033,2.43865,2.29472,2.1528,2.01685,1.89038,1.77625,1.67655,1.5926,1.52486,1.47297,1.43584,1.41172,1.39837,1.39317
1.54152,1.59551,1.64519,1.69048,1.73138,1.76801,1.80056,1.82928,1.85448,1.87652,1.89577,1.91263,1.92745,1.9406,1.95238,1.96305,1.97282,1.98181,1.99011,1.99773,2.00461,2.01067,2.01577,2.01976,2.0225,2.02382,2.02363,2.02185,2.01846,2.01352,2.00715,1.99954,1.99094,1.98167,1.97207,1.9625,1.95332,1.94486,1.9374,1.93113,1.92617,1.92251,1.92006,1.91861,1.91785,1.91741,1.91687,1.91582,1.91387,1.91072,1.9062,1.90032,1.89328,1.88551,1.87768,1.87073,1.86578,1.86415,1.86729,1.87669,1.89379,1.91994,1.95621,2.00336,2.06171,2.1311,2.21078,2.2994,2.39506,2.49525,2.597,2.69696,2.79152,2.87697,2.94971,3.0064,3.04413,3.06063,3.05437,3.02467,2.97179,2.89689,2.80205,2.69014,2.5647,2.42979,2.28976,2.14903,2.01194,1.88243,1.76396,1.65929,1.5704,1.49839,1.44351,1.40515,1.38194,1.37186,1.37237,1.3806
1.56307,1.61433,1.66096,1.70292,1.7403,1.77329,1.80215,1.82723,1.84894,1.86772,1.88401,1.89829,1.91099,1.9225,1.93317,1.94328,1.95304,1.96257,1.97192,1.98105,1.98988,1.99823,2.00593,2.01275,2.01846,2.02286,2.02578,2.02709,2.02674,2.02475,2.02121,2.0163,2.01028,2.00344,1.99615,1.98878,1.98169,1.97521,1.96963,1.96514,1.96184,1.95971,1.95863,1.95834,1.9585,1.95869,1.95844,1.95728,1.95477,1.95057,1.94445,1.93639,1.92655,1.91536,1.90349,1.89188,1.88167,1.87422,1.87102,1.8736,1.88349,1.90206,1.93047,1.96953,2.01963,2.08065,2.15189,2.23206,2.31927,2.41107,2.50452,2.5963,2.68283,2.76046,2.82563,2.87508,2.90598,2.91616,2.90419,2.86954,2.81257,2.73462,2.63788,2.52537,2.40076,2.26819,2.13208,1.99692,1.867,1.74625,1.63802,1.54494,1.4688,1.4105,1.37003,1.34652,1.33831,1.3431,1.35807,1.38009
1.59034,1.63851,1.68162,1.71973,1.753,1.78169,1.80617,1.82688,1.84434,1.85907,1.87164,1.88259,1.89242,1.9016,1.91052,1.91948,1.92871,1.93832,1.94833,1.95869,1.96923,1.97975,1.98999,1.99965,2.00844,2.01609,2.02235,2.02704,2.03006,2.03138,2.03107,2.02929,2.02626,2.0223,2.01774,2.01296,2.00832,2.00417,2.00077,1.99832,1.9969,1.99647,1.99687,1.99782,1.99893,1.99974,1.99972,1.99835,1.99514,1.98969,1.98174,1.97122,1.95828,1.94331,1.92698,1.91023,1.89424,1.88037,1.87015,1.86518,1.86702,1.87713,1.89672,1.92667,1.96744,2.01898,2.08066,2.15125,2.22893,2.31131,2.39552,2.47828,2.55611,2.62542,2.68273,2.72488,2.74913,2.75343,2.73647,2.69784,2.63803,2.55849,2.46156,2.35033,2.22857,2.10048,1.97051,1.84312,1.72257,1.61269,1.51669,1.43704,1.37531,1.33215,1.3073,1.2996,1.30712,1.32725,1.35693,1.39276
1.62253,1.66725,1.70645,1.74024,1.76886,1.79267,1.81214,1.82783,1.84034,1.85034,1.85847,1.86538,1.87166,1.87785,1.8844,1.89163,1.8998,1.90903,1.91931,1.93055,1.94256,1.95506,1.96773,1.9802,1.9921,2.00309,2.01285,2.02114,2.02779,2.03274,2.03599,2.03768,2.03802,2.03728,2.03582,2.03398,2.03213,2.0306,2.02965,2.02946,2.03009,2.03149,2.03347,2.03571,2.03778,2.03917,2.03931,2.03762,2.03357,2.02671,2.01673,2.00353,1.98722,1.96818,1.94707,1.92483,1.90264,1.8819,1.86418,1.8511,1.84431,1.8453,1.85537,1.87546,1.90613,1.94739,1.9987,2.05892,2.12631,2.19857,2.27291,2.34615,2.41491,2.4757,2.52515,2.56018,2.57822,2.57729,2.55623,2.51473,2.45342,2.37384,2.27842,2.17034,2.0534,1.93181,1.81002,1.69243,1.5832,1.48603,1.40396,1.33924,1.29322,1.26628,1.25787,1.26657,1.29014,1.32572,1.36998,1.4193
1.65864,1.69964,1.73458,1.76365,1.78716,1.80559,1.81951,1.82959,1.83656,1.84119,1.84425,1.8465,1.84861,1.85121,1.8548,1.85976,1.86637,1.87476,1.8849,1.89669,1.90988,1.92414,1.93908,1.95426,1.96925,1.98362,1.99697,2.009,2.01948,2.02826,2.03535,2.0408,2.0448,2.04761,2.04954,2.05093,2.05214,2.05348,2.0552,2.05745,2.06028,2.06362,2.06724,2.07079,2.0738,2.07572,2.07594,2.07382,2.0688,2.06038,2.04821,2.03215,2.01228,1.98898,1.96287,1.93491,1.90627,1.87839,1.85287,1.83137,1.81558,1.80707,1.8072,1.817,1.8371,1.86761,1.90808,1.95748,2.01416,2.07594,2.14013,2.20368,2.26332,2.31567,2.35751,2.38587,2.3983,2.39297,2.36883,2.32568,2.26425,2.18617,2.09394,1.99077,1.88047,1.76724,1.65546,1.54942,1.45317,1.37023,1.30343,1.25478,1.22537,1.21532,1.22379,1.24906,1.28864,1.33939,1.39776,1.45993
1.6976,1.73463,1.76504,1.78905,1.80709,1.81973,1.82764,1.83163,1.83255,1.83129,1.82875,1.82578,1.82318,1.82165,1.82176,1.82396,1.82854,1.83564,1.84526,1.85723,1.8713,1.88707,1.90409,1.92186,1.93985,1.95757,1.97455,1.99039,2.00482,2.01762,2.02872,2.03816,2.04606,2.05266,2.05823,2.0631,2.06759,2.07199,2.07654,2.08137,2.08651,2.09185,2.09713,2.10199,2.10591,2.10829,2.1085,2.10587,2.09976,2.08966,2.07518,2.05614,2.03261,2.00493,1.97374,1.93995,1.90479,1.86969,1.83627,1.80625,1.78137,1.76324,1.75331,1.75269,1.76209,1.78172,1.81123,1.8497,1.89561,1.94689,2.00099,2.05499,2.10573,2.15002,2.18473,2.20706,2.21468,2.20589,2.17976,2.1362,2.07602,2.00092,1.91343,1.81678,1.71475,1.61148,1.51124,1.41822,1.33626,1.26868,1.21809,1.18625,1.17396,1.18105,1.20642,1.24807,1.30322,1.36853,1.44021,1.51428
1.73823,1.77113,1.79678,1.81549,1.82777,1.83429,1.83586,1.83338,1.82785,1.82028,1.8117,1.80307,1.7953,1.78918,1.78537,1.78436,1.78648,1.79191,1.80062,1.81245,1.82709,1.84411,1.86299,1.88317,1.90404,1.92504,1.94561,1.9653,1.98373,2.00064,2.0159,2.02948,2.04146,2.05203,2.06143,2.06995,2.07788,2.0855,2.09301,2.10051,2.10802,2.11539,2.12234,2.12847,2.13324,2.13602,2.13613,2.13288,2.1256,2.11373,2.09686,2.0748,2.04758,2.01552,1.97925,1.93971,1.8981,1.85587,1.81469,1.7763,1.74248,1.71491,1.6951,1.68424,1.68312,1.69206,1.71084,1.73862,1.77402,1.81511,1.85947,1.90433,1.9467,1.98349,2.01177,2.02886,2.03257,2.02134,1.99434,1.95157,1.89393,1.82317,1.7418,1.65306,1.56066,1.46864,1.38116,1.30222,1.23547,1.18401,1.15017,1.13545,1.14037,1.16448,1.20639,1.26382,1.33378,1.4127,1.49661,1.58139
1.77934,1.80797,1.82872,1.84195,1.84828,1.84847,1.84345,1.83424,1.82197,1.80779,1.79284,1.77822,1.76493,1.75387,1.74576,1.74117,1.74048,1.74388,1.75135,1.76271,1.77763,1.79563,1.81615,1.83854,1.86214,1.8863,1.9104,1.93389,1.95634,1.97741,1.99689,2.0147,2.03087,2.04554,2.05889,2.07119,2.08269,2.09362,2.10415,2.11438,2.12427,2.13367,2.14226,2.1496,2.15515,2.15825,2.15818,2.15422,2.14569,2.13201,2.11274,2.08766,2.05679,2.02045,1.97927,1.93415,1.88634,1.83728,1.78867,1.74227,1.69992,1.66334,1.63411,1.61349,1.60236,1.60113,1.60969,1.62733,1.6528,1.6843,1.71955,1.75595,1.79065,1.82073,1.84341,1.85615,1.85692,1.84426,1.81746,1.77662,1.72267,1.65738,1.58329,1.50357,1.42184,1.34204,1.26815,1.20398,1.15296,1.11793,1.10098,1.10328,1.1251,1.16571,1.22342,1.29575,1.37945,1.47077,1.5656,1.65971
1.81969,1.844,1.85976,1.86744,1.86772,1.86146,1.84972,1.83363,1.81446,1.79348,1.77196,1.75112,1.73207,1.7158,1.70313,1.69469,1.69089,1.69196,1.6979,1.70851,1.72344,1.74217,1.76408,1.78849,1.81464,1.84182,1.86933,1.89656,1.92298,1.94819,1.97192,1.994,2.01442,2.03325,2.05063,2.06677,2.08189,2.09618,2.10977,2.12273,2.13499,2.14637,2.15654,2.16503,2.17127,2.17459,2.17425,2.16952,2.15969,2.14418,2.12253,2.0945,2.06013,2.01971,1.97385,1.9235,1.86987,1.81445,1.75893,1.70511,1.65486,1.60995,1.57201,1.54238,1.52201,1.51142,1.51057,1.51889,1.53526,1.558,1.58501,1.61382,1.64174,1.66602,1.68401,1.69335,1.69213,1.67901,1.65339,1.61544,1.56613,1.50725,1.4413,1.37138,1.30102,1.23401,1.17414,1.12502,1.08984,1.07116,1.0708,1.08965,1.1277,1.18393,1.25642,1.34245,1.43857,1.54089,1.64516,1.74707
1.85812,1.87809,1.88887,1.89098,1.8852,1.87249,1.854,1.83101,1.80489,1.77705,1.74887,1.7217,1.69677,1.67515,1.65774,1.64525,1.63815,1.63667,1.64084,1.65046,1.66516,1.68439,1.70748,1.73369,1.76221,1.79225,1.82304,1.85389,1.8842,1.9135,1.94143,1.96778,1.99245,2.01545,2.03688,2.05688,2.07562,2.09326,2.1099,2.12555,2.14013,2.15342,2.16508,2.17462,2.18146,2.1849,2.18421,2.17864,2.16749,2.15016,2.1262,2.09537,2.05769,2.01346,1.96331,1.90816,1.84926,1.78808,1.72634,1.66587,1.60854,1.5562,1.51049,1.47282,1.44422,1.42528,1.41607,1.41612,1.42443,1.43946,1.45925,1.48148,1.50361,1.52306,1.53733,1.5442,1.54188,1.52918,1.50557,1.47127,1.42732,1.37547,1.31821,1.25853,1.19987,1.14583,1.10002,1.06582,1.04617,1.04336,1.05892,1.09349,1.14676,1.21746,1.30344,1.40176,1.50882,1.62057,1.7327,1.84084
1.89351,1.9092,1.91506,1.91168,1.89993,1.88085,1.85571,1.8259,1.7929,1.75825,1.72347,1.68999,1.65916,1.63215,1.60994,1.59331,1.58277,1.57859,1.58083,1.58929,1.60356,1.62309,1.64716,1.67497,1.70567,1.73839,1.77231,1.80664,1.84073,1.87402,1.90609,1.93664,1.96551,1.99265,2.01809,2.04191,2.06425,2.08519,2.10481,2.12307,2.13988,2.15498,2.16802,2.17849,2.18581,2.18927,2.18815,2.1817,2.16922,2.15012,2.12396,2.0905,2.04978,2.0021,1.9481,1.88871,1.82516,1.75897,1.69184,1.62562,1.56222,1.50349,1.45113,1.40658,1.37094,1.34485,1.32849,1.32149,1.32293,1.33142,1.34513,1.36187,1.37927,1.39488,1.40635,1.41161,1.40901,1.39743,1.37645,1.34636,1.30819,1.26372,1.21534,1.16599,1.11896,1.07768,1.04558,1.02578,1.02097,1.03319,1.06369,1.11283,1.18004,1.26381,1.36179,1.47084,1.58723,1.7068,1.82518,1.93798
1.92491,1.9364,1.93746,1.92876,1.9112,1.88594,1.85434,1.8179,1.77822,1.73695,1.6957,1.65605,1.61943,1.5871,1.56014,1.53936,1.52536,1.51843,1.51864,1.5258,1.53951,1.55917,1.58404,1.61328,1.64598,1.68122,1.71809,1.75576,1.79348,1.83064,1.86672,1.90138,1.93436,1.96555,1.99491,2.02249,2.04832,2.07247,2.09496,2.11573,2.13464,2.15142,2.1657,2.17698,2.18464,2.18803,2.18639,2.17902,2.16522,2.14442,2.1162,2.08034,2.03689,1.98618,1.92884,1.86582,1.79836,1.72798,1.65638,1.58544,1.51707,1.45313,1.39535,1.3452,1.30382,1.27192,1.24974,1.23699,1.23285,1.23604,1.24485,1.25723,1.27093,1.28365,1.29319,1.2976,1.29535,1.28543,1.2675,1.24188,1.20966,1.17256,1.13295,1.09365,1.05782,1.02874,1.0096,1.00332,1.01234,1.03843,1.08258,1.1449,1.22456,1.31985,1.42821,1.54635,1.67041,1.79618,1.91924,2.0352
1.95148,1.95893,1.95539,1.94157,1.91846,1.8873,1.84953,1.80676,1.76069,1.71307,1.66565,1.62007,1.57787,1.54041,1.50883,1.48402,1.4666,1.45693,1.45509,1.4609,1.47395,1.49363,1.51917,1.54969,1.58422,1.6218,1.66146,1.70229,1.74349,1.78436,1.82432,1.86294,1.8999,1.93502,1.96819,1.99938,2.02858,2.05581,2.08103,2.10415,2.12501,2.14331,2.15867,2.1706,2.17848,2.18167,2.17945,2.17112,2.15602,2.13361,2.10349,2.06549,2.01966,1.96636,1.90623,1.84025,1.76965,1.69596,1.6209,1.54631,1.47413,1.40622,1.34431,1.28991,1.24417,1.20784,1.18121,1.16405,1.15565,1.15479,1.15987,1.16897,1.17996,1.19066,1.19901,1.20318,1.20175,1.19382,1.1791,1.15799,1.13157,1.10156,1.07026,1.0404,1.01502,0.997214,0.989996,0.99606,1.0176,1.05615,1.11245,1.18636,1.27684,1.38197,1.49903,1.62459,1.75471,1.88511,2.01136,2.12911
1.97261,1.97621,1.9683,1.94966,1.92132,1.88461,1.84106,1.79234,1.74028,1.68671,1.63347,1.58231,1.53486,1.49254,1.45658,1.42793,1.40725,1.39494,1.3911,1.39557,1.40793,1.42755,1.45366,1.48532,1.52155,1.56131,1.60359,1.64742,1.69192,1.73633,1.77999,1.82241,1.86319,1.90206,1.93887,1.9735,2.00591,2.03603,2.06381,2.0891,2.11171,2.13135,2.14762,2.16003,2.16799,2.17087,2.16798,2.15866,2.14229,2.11836,2.08653,2.04664,1.9988,1.94337,1.88104,1.81278,1.73984,1.66374,1.58619,1.50906,1.43425,1.36361,1.29889,1.24158,1.19285,1.15346,1.12374,1.10351,1.09211,1.0884,1.09086,1.09768,1.10684,1.11628,1.12404,1.12842,1.12809,1.12226,1.1107,1.09386,1.07284,1.04934,1.02561,1.0043,0.988312,0.9806,0.983988,1.00097,1.03351,1.08291,1.14969,1.2335,1.33308,1.44635,1.57043,1.70179,1.83642,1.96999,2.0981,2.21643
1.98789,1.98787,1.97589,1.95277,1.9196,1.87776,1.82887,1.77469,1.71711,1.65806,1.59947,1.54317,1.49087,1.44407,1.40405,1.37183,1.34812,1.33334,1.32762,1.33081,1.3425,1.36205,1.38866,1.42138,1.45918,1.50098,1.54571,1.59236,1.63998,1.68774,1.73492,1.78093,1.82532,1.86776,1.908,1.94588,1.98128,2.01409,2.0442,2.07145,2.09561,2.11638,2.13336,2.14607,2.15395,2.15639,2.15276,2.14241,2.1248,2.09946,2.06609,2.02459,1.97509,1.918,1.85403,1.78415,1.70964,1.63201,1.55297,1.47435,1.39804,1.32589,1.25961,1.20068,1.15027,1.10913,1.07761,1.05555,1.04232,1.03686,1.03772,1.04314,1.05122,1.05999,1.06761,1.07246,1.07334,1.06951,1.06085,1.04783,1.03157,1.01377,0.996637,0.982743,0.974876,0.975855,0.988336,1.01462,1.05649,1.11503,1.19054,1.28249,1.38944,1.50916,1.63864,1.77426,1.91197,2.04743,2.17624,2.29414
1.99715,1.99379,1.97808,1.95086,1.91329,1.86682,1.8131,1.75398,1.69143,1.62745,1.56405,1.50312,1.44646,1.39562,1.35195,1.31651,1.29006,1.27305,1.26563,1.26767,1.27876,1.29827,1.32536,1.35907,1.39834,1.44205,1.48909,1.53838,1.58893,1.63983,1.69031,1.7397,1.78749,1.83325,1.87669,1.91757,1.95572,1.99097,2.02317,2.05213,2.07761,2.09928,2.11676,2.12958,2.13722,2.1391,2.13462,2.12322,2.10439,2.07774,2.043,2.00013,1.94932,1.89101,1.82593,1.75508,1.67972,1.60138,1.52175,1.44263,1.36588,1.29333,1.22665,1.16729,1.11638,1.07468,1.04252,1.01974,1.00574,0.999495,0.999593,1.00436,1.01195,1.02051,1.02826,1.0337,1.0357,1.03362,1.0274,1.01756,1.00525,0.992168,0.98048,0.972702,0.971528,0.979656,0.999596,1.03349,1.08293,1.14882,1.2313,1.32965,1.44228,1.56683,1.70019,1.83869,1.9782,2.11442,2.24297,2.35966
2.00047,1.99407,1.97499,1.94411,1.90263,1.85204,1.79406,1.7306,1.66367,1.59537,1.52774,1.46277,1.40228,1.34791,1.30105,1.2628,1.23396,1.21501,1.20613,1.2072,1.21781,1.23732,1.26491,1.29958,1.34024,1.38575,1.43495,1.48672,1.54,1.59384,1.64738,1.69991,1.75083,1.79967,1.84604,1.88965,1.93027,1.96769,2.00171,2.03212,2.05864,2.08097,2.09872,2.11146,2.11867,2.11985,2.11444,2.10195,2.08192,2.05403,2.01808,1.97408,1.92227,1.86314,1.79742,1.72616,1.65062,1.5723,1.49287,1.41413,1.33788,1.2659,1.19983,1.14107,1.09071,1.04947,1.01766,0.995109,0.981222,0.97498,0.975015,0.979697,0.987248,0.995869,1.00388,1.00987,1.01278,1.01205,1.00769,1.00028,0.990982,0.981514,0.974022,0.970973,0.974985,0.988658,1.01438,1.05414,1.1094,1.1809,1.26862,1.37168,1.4884,1.61628,1.75215,1.89226,2.0325,2.16855,2.29607,2.41097
1.99817,1.98905,1.967,1.93291,1.88803,1.83388,1.77224,1.70505,1.63439,1.5624,1.49118,1.42277,1.35905,1.3017,1.25215,1.21154,1.1807,1.16016,1.1501,1.1504,1.16069,1.18031,1.20844,1.24406,1.28606,1.33327,1.38449,1.43856,1.49438,1.55092,1.60729,1.6627,1.71648,1.7681,1.81711,1.86315,1.90595,1.94523,1.98078,2.01234,2.03964,2.06237,2.08015,2.09257,2.09919,2.09952,2.09309,2.07945,2.05823,2.02916,1.99213,1.9472,1.89466,1.83503,1.76911,1.69791,1.62273,1.54505,1.46651,1.38887,1.3139,1.24331,1.17868,1.12136,1.07239,1.03245,1.00179,0.980218,0.967131,0.961508,0.961998,0.967004,0.974795,0.983634,0.991913,0.998285,1.00178,1.00192,0.998764,0.992949,0.985686,0.978698,0.974127,0.974408,0.982105,0.999735,1.02959,1.07355,1.13293,1.20836,1.29968,1.40591,1.52524,1.6551,1.79225,1.93291,2.07296,2.2081,2.33405,2.44675
1.99079,1.9793,1.95468,1.91787,1.87011,1.81299,1.74829,1.67801,1.60427,1.52925,1.4551,1.38389,1.31754,1.25779,1.20608,1.16359,1.13119,1.10941,1.09847,1.09826,1.1084,1.12826,1.15699,1.19356,1.23686,1.28568,1.3388,1.39501,1.45316,1.51218,1.57112,1.62913,1.68548,1.73957,1.7909,1.83905,1.88369,1.92452,1.96127,1.99368,2.02146,2.04431,2.06187,2.07377,2.0796,2.07894,2.07137,2.05653,2.03411,2.00391,1.9659,1.92019,1.86713,1.80729,1.74148,1.67074,1.59636,1.5198,1.44268,1.36671,1.2936,1.22501,1.16246,1.10723,1.06029,1.02225,0.993322,0.973282,0.961486,0.956907,0.958196,0.963778,0.971956,0.981042,0.989488,0.996013,0.999723,1.0002,0.997575,0.992539,0.986345,0.980738,0.977867,0.980148,0.990105,1.0102,1.04264,1.08922,1.15117,1.22899,1.32243,1.43041,1.55105,1.68169,1.81907,1.95939,2.09851,2.23217,2.35614,2.46644
1.97907,1.96557,1.93882,1.89975,1.84966,1.79013,1.72299,1.65027,1.57411,1.49672,1.42029,1.34692,1.27857,1.21699,1.16366,1.11979,1.08626,1.06363,1.05213,1.05167,1.06187,1.0821,1.1115,1.14906,1.19363,1.24398,1.29887,1.35704,1.41732,1.47859,1.53983,1.60014,1.65875,1.71498,1.76829,1.81821,1.86434,1.90637,1.94399,1.97693,2.00489,2.02757,2.04466,2.05581,2.06066,2.05885,2.05004,2.03392,2.01027,1.97897,1.94004,1.89367,1.84026,1.7804,1.71494,1.64494,1.57167,1.49658,1.42124,1.34733,1.27649,1.21033,1.15027,1.09754,1.05303,1.01729,0.990475,0.9723,0.962091,0.9588,0.961073,0.967343,0.97594,0.985214,0.993667,1.00008,1.00362,1.00393,1.00121,0.996198,0.990198,0.984984,0.982714,0.985801,0.996746,1.01797,1.05162,1.09943,1.16254,1.24139,1.33564,1.44414,1.56494,1.69536,1.83208,1.97131,2.10893,2.2407,2.36245,2.47025
1.96393,1.94879,1.92032,1.87948,1.82759,1.76623,1.69725,1.62271,1.54478,1.46567,1.3876,1.3127,1.24295,1.18011,1.12569,1.08092,1.04671,1.02361,1.01187,1.01142,1.02189,1.04263,1.0728,1.11138,1.15719,1.20899,1.26552,1.3255,1.38769,1.45095,1.51421,1.57653,1.63706,1.6951,1.75003,1.80135,1.84862,1.89149,1.92963,1.96275,1.99057,2.01281,2.02916,2.03933,2.04302,2.03991,2.02974,2.01227,1.98736,1.95496,1.91515,1.86818,1.81451,1.75477,1.68981,1.62072,1.54874,1.47531,1.40197,1.33033,1.26198,1.19845,1.1411,1.09107,1.04919,1.01593,0.991372,0.975201,0.966692,0.964771,0.968071,0.97503,0.983993,0.993342,1.00162,1.00766,1.01068,1.0104,1.00705,1.00144,0.994915,0.989271,0.986691,0.989589,1.00045,1.02168,1.05538,1.10324,1.16633,1.24505,1.339,1.44697,1.56698,1.69632,1.83166,1.96921,2.10487,2.23445,2.35382,2.45913
1.94639,1.92997,1.90022,1.85809,1.8049,1.74226,1.67203,1.59628,1.51718,1.43697,1.35788,1.28205,1.21146,1.14791,1.09293,1.04773,1.01324,0.990047,0.978392,0.97821,0.989135,1.01054,1.04156,1.08118,1.1282,1.18139,1.23943,1.30103,1.36493,1.42993,1.49492,1.55892,1.62104,1.68052,1.7367,1.78904,1.83708,1.88041,1.91872,1.95169,1.97906,2.00056,2.01592,2.02489,2.02721,2.02266,2.01101,1.99211,1.96589,1.93237,1.89169,1.84417,1.79028,1.73071,1.66633,1.59821,1.5276,1.4559,1.3846,1.31527,1.24944,1.18856,1.13392,1.08659,1.04732,1.01651,0.994194,0.979987,0.973131,0.972522,0.976781,0.984343,0.993567,1.00286,1.0108,1.01626,1.01851,1.01731,1.01296,1.0063,0.99872,0.992043,0.988474,0.990432,1.0004,1.02076,1.0536,1.10057,1.1627,1.24035,1.33308,1.43968,1.55811,1.68567,1.81904,1.95443,2.08778,2.21495,2.33185,2.43469
1.92756,1.91024,1.87961,1.83664,1.78265,1.71925,1.64832,1.57192,1.49223,1.41149,1.33195,1.25574,1.18487,1.12112,1.06603,1.02084,0.986477,0.963525,0.952244,0.952572,0.964146,0.986339,1.01829,1.05897,1.10718,1.16166,1.22108,1.28413,1.3495,1.41598,1.48241,1.54777,1.61112,1.67167,1.72873,1.78171,1.83011,1.87355,1.91165,1.94414,1.97074,1.99121,2.00533,2.01288,2.01367,2.00751,1.99428,1.97388,1.9463,1.91162,1.87006,1.82198,1.76788,1.70849,1.64467,1.57751,1.50822,1.43818,1.36885,1.30172,1.23828,1.1799,1.1278,1.08298,1.04613,1.01758,0.997298,0.984865,0.979482,0.98002,0.985086,0.993115,1.00247,1.01159,1.01908,1.02383,1.02517,1.0229,1.01735,1.0094,1.00047,0.992409,0.987436,0.987977,0.996514,1.01541,1.04675,1.09213,1.1526,1.22848,1.3193,1.42384,1.54008,1.6653,1.79621,1.92905,2.0598,2.18436,2.29872,2.39914
1.90857,1.89071,1.85959,1.81621,1.76189,1.69823,1.6271,1.55056,1.47081,1.39007,1.31059,1.23451,1.16383,1.10034,1.04558,1.00079,0.966895,0.944495,0.93385,0.9349,0.947287,0.970381,1.00332,1.04507,1.09442,1.1501,1.21076,1.27507,1.34169,1.40937,1.47693,1.54331,1.60754,1.66879,1.72633,1.77956,1.82796,1.87111,1.90866,1.94032,1.96584,1.98501,1.99765,2.00358,2.00266,1.99478,1.97987,1.95789,1.9289,1.89304,1.85057,1.8019,1.74757,1.6883,1.62499,1.55868,1.49059,1.42206,1.35449,1.28933,1.228,1.17182,1.12195,1.07931,1.04453,1.0179,0.99933,0.988365,0.984177,0.98562,0.991292,0.999628,1.00901,1.01788,1.02486,1.02891,1.02934,1.02601,1.01926,1.01001,0.999684,0.990154,0.983641,0.98257,0.989418,1.00654,1.03599,1.07938,1.13772,1.21133,1.29974,1.40172,1.51527,1.63771,1.76575,1.8957,2.02359,2.14536,2.25708,2.35506
1.89051,1.87245,1.84124,1.79786,1.74362,1.68014,1.60927,1.53307,1.45372,1.37345,1.29449,1.21898,1.14891,1.08608,1.03201,0.987959,0.954842,0.933258,0.923471,0.925423,0.938754,0.962835,0.996804,1.03961,1.09004,1.14681,1.20856,1.27393,1.34155,1.41016,1.47855,1.54561,1.61036,1.67193,1.72957,1.78266,1.83066,1.87316,1.9098,1.94031,1.96446,1.98207,1.993,1.99713,1.99436,1.98465,1.96796,1.94435,1.91391,1.87685,1.83345,1.78416,1.72954,1.67033,1.6074,1.54181,1.47473,1.40747,1.34138,1.27786,1.21828,1.1639,1.11582,1.07491,1.04175,1.01659,0.999315,0.98943,0.986096,0.988158,0.994213,1.0027,1.01202,1.02063,1.02718,1.03061,1.03031,1.0261,1.01837,1.00804,0.996522,0.985699,0.97778,0.975179,0.980358,0.995653,1.02311,1.06432,1.12029,1.19132,1.27699,1.37605,1.48655,1.60582,1.73065,1.8574,1.98215,2.10093,2.20985,2.30532
1.8744,1.85648,1.82553,1.78252,1.72876,1.66585,1.59565,1.52019,1.44165,1.36225,1.2842,1.20964,1.14055,1.0787,1.02564,0.982606,0.950513,0.929959,0.921206,0.924196,0.938568,0.96369,0.998696,1.04252,1.09396,1.15171,1.21438,1.28059,1.34898,1.41824,1.48713,1.55454,1.61944,1.68096,1.73832,1.79088,1.83812,1.8796,1.915,1.94405,1.96655,1.98237,1.99139,1.99355,1.98881,1.97717,1.95867,1.93339,1.90149,1.8632,1.81886,1.76892,1.71396,1.65472,1.59206,1.52701,1.46072,1.39443,1.32949,1.26723,1.20896,1.15591,1.10912,1.06942,1.03737,1.01318,0.996715,0.987479,0.984628,0.98701,0.993233,1.00175,1.01098,1.01939,1.02565,1.02872,1.02799,1.02328,1.01498,1.00399,0.991717,0.980019,0.971077,0.967278,0.971053,0.984716,1.01029,1.04935,1.10289,1.17123,1.25395,1.34986,1.45701,1.57281,1.69412,1.81734,1.93866,2.05417,2.16008,2.25285
1.8611,1.84364,1.81328,1.77099,1.71806,1.65608,1.5869,1.51254,1.43516,1.35696,1.28015,1.20684,1.13901,1.07843,1.02662,0.984816,0.953937,0.934573,0.926982,0.931103,0.946573,0.972755,1.00878,1.05357,1.10592,1.16449,1.2279,1.29475,1.36365,1.43327,1.50236,1.56977,1.63447,1.69556,1.75227,1.80394,1.85005,1.89018,1.92402,1.95132,1.97193,1.98574,1.99269,1.99275,1.98595,1.97233,1.95198,1.92503,1.89168,1.85219,1.80691,1.75632,1.70098,1.64163,1.57912,1.51444,1.44869,1.38311,1.31896,1.25754,1.20013,1.1479,1.10187,1.06284,1.03135,1.0076,0.991461,0.982437,0.979699,0.982116,0.98832,0.99679,1.00596,1.01431,1.02054,1.02361,1.02288,1.0182,1.0099,0.998871,0.986477,0.974525,0.965151,0.960694,0.963541,0.975962,0.999949,1.03706,1.08828,1.15394,1.23364,1.32622,1.4298,1.54186,1.65931,1.77868,1.89622,2.00813,2.1107,2.20049
1.85134,1.83464,1.80518,1.76391,1.71211,1.65138,1.58352,1.51055,1.43461,1.35789,1.28257,1.21076,1.14441,1.0853,1.03492,0.994513,0.96498,0.94691,0.940558,0.945856,0.962439,0.989663,1.02665,1.07232,1.12545,1.18469,1.24865,1.31591,1.38506,1.45475,1.52372,1.5908,1.65496,1.71527,1.77096,1.82139,1.86604,1.9045,1.93649,1.96179,1.98029,1.99191,1.99665,1.99453,1.98562,1.97001,1.94783,1.91925,1.88449,1.84385,1.79768,1.74645,1.69074,1.63124,1.56877,1.50431,1.43891,1.37374,1.31005,1.24908,1.19208,1.14019,1.09441,1.05552,1.02406,1.00024,0.98395,0.974723,0.97176,0.973967,0.980009,0.988399,0.997598,1.00612,1.01265,1.01616,1.01601,1.01199,1.00441,0.994097,0.982356,0.970925,0.961867,0.957451,0.959996,0.971717,0.994559,1.03005,1.07917,1.14226,1.21893,1.30807,1.40789,1.51593,1.62921,1.74435,1.85771,1.96561,2.06444,2.15085
1.8456,1.82994,1.80166,1.76169,1.71131,1.65208,1.5858,1.51446,1.44019,1.36516,1.29154,1.2214,1.15671,1.0992,1.05037,1.01145,0.983341,0.966616,0.961527,0.968003,0.985671,1.01388,1.05175,1.09818,1.15195,1.21169,1.27599,1.34342,1.41255,1.48203,1.55057,1.617,1.68027,1.73946,1.79381,1.84267,1.88554,1.92205,1.95193,1.97502,1.99122,2.00053,2.00297,1.99862,1.98758,1.97001,1.94606,1.91593,1.87987,1.83817,1.7912,1.73941,1.68336,1.62371,1.56125,1.49689,1.43167,1.3667,1.30318,1.24233,1.18535,1.13336,1.08735,1.04812,1.01621,0.991868,0.97501,0.965219,0.961746,0.963547,0.969339,0.97768,0.987064,0.996029,1.00327,1.00775,1.00879,1.00616,1.00009,0.991336,0.981116,0.971074,0.963176,0.959594,0.962561,0.974214,0.99644,1.03072,1.07803,1.1387,1.21238,1.29803,1.3939,1.49765,1.60641,1.7169,1.82563,1.92903,2.02361,2.10615
1.84417,1.82982,1.80297,1.76455,1.71582,1.65831,1.59382,1.52432,1.4519,1.37872,1.30692,1.23859,1.17565,1.11982,1.07262,1.03523,1.00856,0.993178,0.989331,0.996939,1.01562,1.04473,1.08336,1.13041,1.18464,1.24468,1.30911,1.37646,1.44532,1.5143,1.58211,1.64757,1.70964,1.7674,1.82008,1.86708,1.9079,1.9422,1.96976,1.99045,2.00423,2.01113,2.01122,2.00464,1.99153,1.97207,1.94646,1.91492,1.8777,1.8351,1.78747,1.73525,1.67896,1.61923,1.55679,1.49252,1.42738,1.36247,1.29891,1.2379,1.18062,1.12818,1.08158,1.04161,1.00886,0.983608,0.965841,0.955198,0.950997,0.952262,0.957774,0.966146,0.975914,0.985644,0.994038,1.00004,1.00294,1.00244,0.998704,0.992379,0.984577,0.976822,0.970959,0.969039,0.973183,0.985435,1.0076,1.04112,1.08692,1.14536,1.2161,1.29817,1.38992,1.48909,1.59295,1.69835,1.80194,1.9003,1.99007,2.06814
1.84711,1.8343,1.80911,1.77246,1.72558,1.66999,1.60746,1.53994,1.46951,1.39829,1.32843,1.26197,1.20083,1.14673,1.10115,1.06528,1.04003,1.02594,1.02327,1.03192,1.05152,1.08139,1.12063,1.16813,1.22264,1.28277,1.34708,1.41412,1.48243,1.55062,1.61742,1.68162,1.74219,1.79822,1.84896,1.89383,1.93236,1.96425,1.98932,2.00748,2.01875,2.02319,2.02095,2.01218,1.99709,1.97588,1.94878,1.91601,1.87784,1.83455,1.78648,1.73402,1.67766,1.61798,1.55567,1.49153,1.42648,1.36156,1.29786,1.23654,1.17876,1.12563,1.07814,1.03715,1.00327,0.976845,0.957923,0.946228,0.94116,0.941827,0.947085,0.955613,0.965996,0.97683,0.986823,0.994902,1.00031,1.00267,1.00205,0.998998,0.994479,0.989876,0.986889,0.987426,0.993477,1.00697,1.02961,1.06279,1.10739,1.16375,1.23161,1.31002,1.39743,1.49172,1.59027,1.6901,1.78802,1.88074,1.96508,2.03806
1.85421,1.84317,1.81986,1.78517,1.74032,1.68681,1.62638,1.56097,1.49261,1.42345,1.35557,1.29101,1.23169,1.1793,1.13531,1.10092,1.07701,1.06413,1.06252,1.0721,1.09245,1.12293,1.1626,1.21036,1.26494,1.32493,1.38889,1.45534,1.52284,1.58999,1.65548,1.71815,1.77694,1.83099,1.87954,1.92205,1.9581,1.98742,2.00988,2.02543,2.03414,2.03614,2.03162,2.02078,2.00386,1.98109,1.95271,1.91897,1.88011,1.8364,1.78816,1.73573,1.67955,1.62014,1.55813,1.49427,1.42941,1.36454,1.3007,1.23903,1.18067,1.12674,1.07824,1.03606,1.00089,0.973125,0.952912,0.940062,0.934073,0.934146,0.939225,0.948064,0.959305,0.971575,0.98359,0.994252,1.00275,1.00863,1.01186,1.01282,1.01235,1.01167,1.01231,1.01601,1.02461,1.03991,1.06351,1.09669,1.14034,1.19476,1.25973,1.33437,1.41723,1.5063,1.59913,1.6929,1.78458,1.87106,1.94933,2.01657
1.8651,1.85602,1.83477,1.80222,1.75955,1.70826,1.65005,1.58684,1.52064,1.45357,1.3877,1.32505,1.26752,1.21679,1.17434,1.14133,1.11866,1.10686,1.10618,1.11651,1.13745,1.16834,1.20824,1.25604,1.31045,1.37006,1.43342,1.49904,1.56546,1.63129,1.69522,1.75609,1.81288,1.8647,1.91086,1.95084,1.98426,2.01089,2.03065,2.04356,2.04974,2.04937,2.04269,2.02993,2.01138,1.98729,1.95791,1.92349,1.88427,1.84049,1.79241,1.74034,1.68467,1.62583,1.56441,1.50107,1.43661,1.37195,1.30811,1.24619,1.1873,1.13258,1.08307,1.03969,1.00318,0.974055,0.952526,0.938516,0.931631,0.931176,0.936192,0.945514,0.957846,0.971853,0.986256,0.999934,1.01202,1.02196,1.02961,1.03521,1.03942,1.04329,1.04815,1.05559,1.06725,1.0848,1.10971,1.14318,1.18604,1.23859,1.30063,1.37135,1.4494,1.53293,1.61961,1.70682,1.79171,1.87136,1.94293,2.00376
1.87918,1.87225,1.85323,1.82296,1.78263,1.73367,1.67778,1.61684,1.55286,1.4879,1.42404,1.36329,1.3075,1.25837,1.21735,1.18562,1.16404,1.15317,1.15324,1.16413,1.18547,1.21655,1.25645,1.30405,1.35804,1.41702,1.47951,1.54404,1.60913,1.67338,1.73552,1.79436,1.84891,1.89832,1.94193,1.97923,2.00991,2.03379,2.05085,2.06115,2.06487,2.06224,2.05355,2.0391,2.01917,1.99405,1.96401,1.92927,1.89006,1.84659,1.79908,1.74778,1.693,1.63513,1.57465,1.51217,1.44843,1.38427,1.32069,1.25873,1.19952,1.14417,1.09378,1.04932,1.01159,0.981178,0.95842,0.943341,0.93566,0.934795,0.93989,0.949868,0.963499,0.979487,0.996563,1.01358,1.02961,1.04401,1.0565,1.06716,1.0765,1.08535,1.09487,1.10643,1.12151,1.14159,1.16804,1.20196,1.2441,1.29477,1.35377,1.42039,1.49338,1.57101,1.65114,1.73132,1.8089,1.88116,1.94543,1.99927
1.89571,1.89109,1.87445,1.84662,1.80874,1.76223,1.70874,1.65015,1.58841,1.52559,1.46374,1.40483,1.35072,1.3031,1.26341,1.23281,1.21217,1.20205,1.20267,1.21392,1.23541,1.26644,1.3061,1.35323,1.40654,1.46463,1.526,1.58917,1.65267,1.71512,1.77522,1.83183,1.88397,1.93081,1.97172,2.00627,2.03416,2.05528,2.06965,2.07742,2.0788,2.0741,2.06363,2.04773,2.02673,2.00093,1.97059,1.93593,1.89717,1.85445,1.80796,1.75789,1.70446,1.64801,1.58892,1.52774,1.46512,1.40187,1.33891,1.27727,1.21805,1.16238,1.11139,1.06608,1.02735,0.995873,0.972076,0.956103,0.947792,0.946676,0.952006,0.962797,0.97789,0.996031,1.01596,1.03651,1.05669,1.07577,1.09332,1.10929,1.12398,1.13804,1.15242,1.16828,1.18693,1.20968,1.23774,1.27213,1.31352,1.36221,1.41804,1.48034,1.54799,1.61939,1.69259,1.76531,1.83511,1.89947,1.95594,2.00224
1.91383,1.91167,1.89755,1.87229,1.83697,1.793,1.74201,1.68581,1.62637,1.56569,1.50582,1.44872,1.39623,1.35002,1.31152,1.2819,1.26204,1.25246,1.25341,1.26479,1.28618,1.31691,1.35605,1.40245,1.45482,1.51173,1.57171,1.63327,1.69494,1.75535,1.81321,1.86741,1.91697,1.96112,1.99927,2.031,2.05609,2.07449,2.08627,2.09163,2.09086,2.08429,2.0723,2.05527,2.03354,2.00743,1.97721,1.94309,1.90522,1.86375,1.81878,1.77043,1.71888,1.66435,1.60718,1.5478,1.48681,1.42495,1.36309,1.30222,1.24343,1.18787,1.13666,1.09088,1.05149,1.01925,0.994694,0.978075,0.96935,0.96817,0.973893,0.985628,1.00229,1.02267,1.04552,1.06965,1.09402,1.1178,1.14043,1.16171,1.18176,1.20102,1.22024,1.24039,1.26257,1.28792,1.31751,1.35226,1.39277,1.43931,1.49175,1.54951,1.61154,1.67641,1.74233,1.80723,1.86887,1.92493,1.97317,2.01149
1.93262,1.93304,1.92158,1.89899,1.86636,1.82503,1.7766,1.72286,1.66574,1.60723,1.54933,1.49399,1.44304,1.39813,1.3607,1.3319,1.31262,1.30339,1.30444,1.31569,1.33673,1.36688,1.40522,1.4506,1.50173,1.55719,1.61551,1.67521,1.73481,1.79297,1.84841,1.90003,1.9469,1.98828,2.0236,2.05252,2.07486,2.09062,2.09994,2.10307,2.10035,2.09219,2.07899,2.06116,2.03909,2.01309,1.98343,1.95029,1.91382,1.87409,1.83117,1.7851,1.73597,1.68393,1.62922,1.57222,1.51343,1.45353,1.39332,1.33377,1.27595,1.221,1.17008,1.1243,1.08468,1.05208,1.02711,1.01015,1.00126,1.00022,1.00648,1.01925,1.03752,1.06013,1.08584,1.11346,1.14188,1.17019,1.19772,1.22411,1.24929,1.27352,1.29735,1.32154,1.34701,1.37472,1.40562,1.44048,1.47987,1.52404,1.57285,1.6258,1.68197,1.74005,1.79842,1.85522,1.90839,1.95585,1.99556,2.0256
1.95113,1.95425,1.94555,1.92575,1.8959,1.8573,1.81152,1.76031,1.70555,1.64921,1.59327,1.53965,1.49016,1.44646,1.40996,1.38183,1.36293,1.35383,1.35475,1.36561,1.38602,1.41531,1.45255,1.49662,1.54623,1.59996,1.65635,1.71393,1.77124,1.82694,1.8798,1.92871,1.9728,2.01134,2.04384,2.06998,2.08965,2.1029,2.10993,2.11105,2.10665,2.09719,2.08311,2.06487,2.04285,2.01739,1.98875,1.95709,1.92251,1.88506,1.84472,1.80147,1.75533,1.70636,1.65472,1.6007,1.54472,1.48738,1.42946,1.37185,1.31561,1.26186,1.21179,1.16655,1.12721,1.0947,1.06973,1.05277,1.044,1.0433,1.05023,1.06408,1.08393,1.10865,1.13705,1.16791,1.20009,1.23258,1.26462,1.29569,1.32556,1.35433,1.38232,1.41013,1.43847,1.46815,1.49997,1.53461,1.57257,1.61406,1.65898,1.70689,1.75696,1.80804,1.85867,1.90717,1.95171,1.9904,2.02139,2.04297
1.96842,1.97434,1.9685,1.95161,1.92464,1.88887,1.84582,1.79719,1.74484,1.69069,1.6367,1.58477,1.53669,1.49409,1.4584,1.43076,1.41207,1.40287,1.40341,1.41362,1.43312,1.46125,1.4971,1.53956,1.58734,1.63906,1.69326,1.74847,1.80328,1.85634,1.90646,1.95256,1.9938,2.02949,2.05919,2.08263,2.09975,2.11066,2.1156,2.11496,2.10918,2.09874,2.08416,2.06588,2.04434,2.01986,1.99269,1.96299,1.93081,1.89614,1.85892,1.81905,1.77647,1.73116,1.68318,1.63275,1.58021,1.52609,1.47109,1.41608,1.36206,1.31017,1.26157,1.21746,1.17895,1.14703,1.12249,1.1059,1.09753,1.09736,1.10505,1.11999,1.14132,1.16797,1.19876,1.23249,1.26797,1.30414,1.34011,1.37526,1.40922,1.44188,1.47342,1.50423,1.53487,1.566,1.59826,1.63225,1.66838,1.70687,1.74764,1.79027,1.83407,1.87801,1.9208,1.96093,1.99678,2.02665,2.04889,2.06199
1.98365,1.99245,1.98957,1.97567,1.95168,1.91883,1.87859,1.83262,1.78273,1.7308,1.67877,1.62849,1.58176,1.54018,1.50516,1.47787,1.45918,1.44967,1.44958,1.45888,1.47718,1.50386,1.53802,1.57856,1.62423,1.67365,1.72539,1.77801,1.8301,1.88036,1.9276,1.97081,2.00916,2.04201,2.06897,2.08981,2.10453,2.11329,2.1164,2.11428,2.10742,2.09636,2.08163,2.06372,2.04307,2.02001,1.99477,1.96749,1.93819,1.90681,1.87322,1.83725,1.79878,1.75768,1.71396,1.66773,1.61925,1.56899,1.51757,1.46581,1.41469,1.3653,1.31882,1.27645,1.23934,1.20852,1.18487,1.16901,1.16132,1.16186,1.17038,1.18636,1.209,1.23729,1.2701,1.30621,1.34441,1.3836,1.42281,1.46129,1.49855,1.53433,1.56865,1.60174,1.63399,1.66592,1.69805,1.73089,1.7648,1.79996,1.8363,1.87348,1.9109,1.94764,1.98257,2.01437,2.04159,2.06273,2.07634,2.08108
1.99606,2.00781,2.00797,1.99715,1.97623,1.94639,1.90905,1.8658,1.81843,1.76876,1.71869,1.67006,1.62462,1.58397,1.54951,1.52241,1.50355,1.49351,1.49256,1.50067,1.5175,1.54243,1.57459,1.61292,1.65619,1.70304,1.75206,1.80186,1.85104,1.89834,1.9426,1.98285,2.01829,2.04834,2.07264,2.09102,2.10352,2.11035,2.11189,2.10858,2.10097,2.08964,2.07514,2.05799,2.03864,2.01741,1.99453,1.97012,1.94414,1.9165,1.887,1.85543,1.82156,1.78521,1.74628,1.70482,1.661,1.6152,1.56799,1.52013,1.47255,1.42631,1.38258,1.34256,1.30741,1.27821,1.25588,1.24111,1.23436,1.23575,1.24513,1.26205,1.28579,1.31539,1.34974,1.38766,1.42792,1.46937,1.511,1.55195,1.59162,1.62964,1.66587,1.70041,1.7335,1.76553,1.79693,1.8281,1.85935,1.89085,1.92254,1.95414,1.98512,2.0147,2.04188,2.0655,2.08429,2.09693,2.10215,2.09877
2.00506,2.0198,2.02307,2.0154,1.99764,1.9709,1.93652,1.89608,1.85128,1.80391,1.75582,1.70882,1.66463,1.62484,1.59084,1.56378,1.54457,1.5338,1.53175,1.53842,1.55349,1.57639,1.60627,1.64209,1.68267,1.72667,1.77274,1.81949,1.86559,1.90979,1.95098,1.98822,2.02076,2.04807,2.06981,2.08588,2.09636,2.10151,2.10174,2.09755,2.08952,2.07827,2.06437,2.04835,2.03068,2.01167,1.99155,1.97038,1.94813,1.92464,1.89966,1.8729,1.84407,1.81292,1.77927,1.74308,1.70444,1.66367,1.62125,1.57789,1.53445,1.49197,1.45159,1.41448,1.38183,1.35473,1.33414,1.32079,1.31519,1.31756,1.3278,1.34554,1.3701,1.40062,1.436,1.4751,1.51668,1.55958,1.60273,1.64523,1.68636,1.72567,1.76289,1.79799,1.83112,1.86253,1.89256,1.92154,1.94973,1.97728,2.00415,2.0301,2.05467,2.07721,2.09683,2.11254,2.12322,2.12772,2.12492,2.11381
2.0102,2.02797,2.03439,2.02994,2.01541,1.99183,1.96051,1.92294,1.88077,1.83575,1.78966,1.74428,1.7013,1.6623,1.62866,1.60152,1.58179,1.57009,1.56672,1.5717,1.58476,1.60534,1.63264,1.66568,1.7033,1.74421,1.78709,1.8306,1.87344,1.91442,1.95247,1.98668,2.01634,2.04097,2.06028,2.07421,2.08287,2.08659,2.08579,2.08102,2.0729,2.06206,2.0491,2.03457,2.01892,2.00248,1.98545,1.96788,1.94969,1.93067,1.91054,1.88895,1.86553,1.83996,1.81199,1.78148,1.74849,1.71321,1.67609,1.63775,1.599,1.56082,1.52432,1.49065,1.46098,1.43642,1.41792,1.40628,1.40204,1.40546,1.41653,1.43491,1.46002,1.49102,1.5269,1.5665,1.60865,1.65215,1.69592,1.739,1.78063,1.82026,1.85753,1.89232,1.92468,1.95475,1.98281,2.00912,2.03388,2.05724,2.07917,2.09948,2.11777,2.13348,2.14586,2.15403,2.15702,2.15384,2.14352,2.12518
2.01123,2.03204,2.04164,2.04046,2.02921,2.00887,1.98067,1.94604,1.90655,1.8639,1.81983,1.77608,1.73429,1.69602,1.66264,1.6353,1.6149,1.60209,1.59719,1.60025,1.61104,1.62904,1.65351,1.6835,1.7179,1.75548,1.79496,1.83505,1.8745,1.91215,1.94699,1.97816,2.00499,2.02703,2.04404,2.056,2.06307,2.06559,2.06404,2.05899,2.05108,2.04096,2.02926,2.01652,2.0032,1.98962,1.97596,1.96225,1.94837,1.93409,1.91907,1.90289,1.88515,1.86544,1.84345,1.81897,1.79196,1.76258,1.73116,1.69826,1.66465,1.63123,1.59907,1.56928,1.54301,1.52135,1.50527,1.49558,1.49284,1.49737,1.50919,1.52804,1.55338,1.58444,1.62025,1.65972,1.70166,1.74493,1.78842,1.83115,1.87233,1.91134,1.94776,1.9814,2.01221,2.04029,2.06583,2.08902,2.11007,2.12907,2.14603,2.16078,2.17299,2.18219,2.18771,2.18881,2.18464,2.17434,2.15708,2.13211
2.00808,2.03192,2.04472,2.04684,2.03891,2.02186,1.99683,1.96518,1.92842,1.88819,1.84616,1.80402,1.7634,1.72581,1.69261,1.66495,1.64375,1.62966,1.62304,1.62397,1.63226,1.64745,1.66884,1.69554,1.72649,1.76052,1.79641,1.83292,1.86885,1.9031,1.9347,1.96283,1.98687,2.00643,2.02128,2.03145,2.03714,2.0387,2.03666,2.0316,2.02418,2.01507,2.00489,1.9942,1.98345,1.97296,1.96288,1.95322,1.94384,1.93447,1.92471,1.91411,1.90221,1.88854,1.87272,1.85448,1.83371,1.81047,1.78505,1.75793,1.7298,1.7015,1.67404,1.64849,1.62595,1.6075,1.59408,1.58652,1.58539,1.59103,1.60352,1.62264,1.64791,1.6786,1.71382,1.75251,1.79353,1.83577,1.87813,1.91964,1.95948,1.99699,2.03174,2.06345,2.09204,2.11753,2.14006,2.1598,2.1769,2.19147,2.2035,2.21287,2.2193,2.22236,2.22152,2.2161,2.20538,2.18861,2.16507,2.13413
2.00087,2.02772,2.04371,2.04913,2.04455,2.03081,2.00898,1.98035,1.94636,1.90856,1.86858,1.82806,1.78857,1.75162,1.71853,1.69047,1.66834,1.65282,1.64431,1.64293,1.64852,1.66068,1.67878,1.70198,1.72928,1.75958,1.79171,1.82451,1.85682,1.88761,1.91594,1.94106,1.96239,1.97955,1.9924,2.00096,2.00546,2.0063,2.004,1.99918,1.9925,1.98463,1.9762,1.96777,1.95978,1.95253,1.94616,1.94067,1.93587,1.93147,1.92703,1.92207,1.91606,1.90849,1.89892,1.88702,1.8726,1.85567,1.83643,1.81529,1.79287,1.76994,1.74743,1.72638,1.70782,1.69278,1.68221,1.6769,1.67743,1.68418,1.69723,1.71641,1.7413,1.77124,1.80536,1.84269,1.88214,1.92263,1.9631,2.00259,2.04029,2.07554,2.10788,2.13699,2.16276,2.18517,2.20433,2.22036,2.2334,2.24354,2.25078,2.25502,2.25603,2.25344,2.24677,2.23546,2.21885,2.19631,2.16722,2.13103
1.9899,2.01972,2.03886,2.04757,2.04633,2.03591,2.0173,1.9917,1.96049,1.92513,1.88721,1.84829,1.80992,1.77356,1.74053,1.71197,1.68881,1.67175,1.6612,1.65735,1.66007,1.66904,1.68366,1.70318,1.72666,1.75308,1.78133,1.81031,1.83893,1.86621,1.89128,1.91343,1.93211,1.94701,1.95798,1.9651,1.96862,1.96894,1.9666,1.96223,1.95649,1.95006,1.94355,1.93752,1.9324,1.92848,1.92588,1.92457,1.92435,1.92489,1.92573,1.92635,1.92618,1.92466,1.9213,1.91571,1.90765,1.89705,1.88404,1.86897,1.85236,1.83493,1.81753,1.80112,1.78668,1.7752,1.76758,1.76458,1.7668,1.77459,1.78808,1.80713,1.83137,1.86018,1.89278,1.92823,1.96553,2.00364,2.04155,2.07835,2.11324,2.14558,2.17489,2.20087,2.22335,2.24232,2.25784,2.27002,2.27897,2.28478,2.28746,2.28691,2.28294,2.27523,2.26335,2.2468,2.22503,2.19747,2.16357,2.12287
1.97565,2.00836,2.03061,2.04255,2.04463,2.0375,2.0221,1.99953,1.97108,1.93817,1.90229,1.86496,1.82768,1.79188,1.75885,1.72973,1.70546,1.68675,1.67407,1.66761,1.66734,1.67296,1.68397,1.69968,1.71922,1.74164,1.76592,1.791,1.8159,1.83967,1.86149,1.88072,1.89685,1.90959,1.91884,1.92468,1.92739,1.92737,1.92518,1.92143,1.9168,1.91194,1.90747,1.90392,1.90172,1.90113,1.90227,1.90507,1.90933,1.91469,1.92067,1.9267,1.9322,1.93656,1.93926,1.93984,1.93801,1.93365,1.92682,1.91777,1.90697,1.89505,1.88279,1.87107,1.86081,1.85293,1.84829,1.84761,1.85148,1.86025,1.87405,1.89278,1.91611,1.94348,1.97417,2.00732,2.04199,2.07721,2.11203,2.14559,2.17713,2.20604,2.23186,2.25428,2.27316,2.28844,2.30018,2.30848,2.31342,2.3151,2.31351,2.30858,2.30013,2.28788,2.27144,2.25037,2.22417,2.19234,2.15439,2.10994
1.95872,1.99423,2.01949,2.03461,2.03993,2.03605,2.02381,2.00423,1.97853,1.94804,1.91418,1.87842,1.8422,1.80692,1.77385,1.74413,1.71869,1.69827,1.68337,1.67423,1.67087,1.67306,1.68036,1.69216,1.70768,1.72604,1.74629,1.76746,1.78862,1.80889,1.82752,1.8439,1.85757,1.86827,1.87593,1.88065,1.8827,1.8825,1.88061,1.87762,1.87421,1.871,1.86862,1.86757,1.86826,1.87094,1.8757,1.88248,1.89103,1.90099,1.91186,1.92305,1.93395,1.94392,1.9524,1.9589,1.96308,1.96474,1.96389,1.96071,1.9556,1.9491,1.9419,1.93482,1.92869,1.92438,1.92268,1.92428,1.92973,1.93937,1.95335,1.97159,1.9938,2.01948,2.04796,2.07847,2.11013,2.14205,2.17337,2.20328,2.23107,2.25619,2.27819,2.29681,2.31188,2.32337,2.33131,2.3358,2.33692,2.33474,2.32927,2.32042,2.30805,2.29187,2.27156,2.24668,2.2168,2.18146,2.14023,2.09276
1.93983,1.97802,2.00619,2.02438,2.03286,2.03215,2.023,2.00636,1.98334,1.95522,1.92335,1.88912,1.85394,1.81916,1.78602,1.75566,1.72902,1.70686,1.68969,1.67783,1.67133,1.67004,1.6736,1.68146,1.69293,1.7072,1.72342,1.74068,1.75813,1.77496,1.79046,1.80408,1.8154,1.82419,1.83039,1.83411,1.83564,1.8354,1.83392,1.83179,1.82966,1.82815,1.82784,1.82924,1.83272,1.83853,1.84673,1.85724,1.86983,1.88409,1.89952,1.91552,1.93145,1.94666,1.96056,1.97262,1.98246,1.98983,1.99467,1.9971,1.99744,1.99616,1.99386,1.99127,1.98915,1.9883,1.98943,1.99321,2.00013,2.01053,2.02456,2.04216,2.06307,2.08684,2.11289,2.14051,2.1689,2.19725,2.22479,2.25078,2.27458,2.29568,2.31369,2.32837,2.33958,2.34729,2.35154,2.35241,2.34998,2.3443,2.33538,2.32314,2.30742,2.28796,2.26445,2.2365,2.20368,2.16557,2.12179,2.07201
1.91978,1.96051,1.99147,2.0126,2.02412,2.02646,2.0203,2.0065,1.9861,1.96029,1.93035,1.89761,1.86343,1.82912,1.79591,1.7649,1.73706,1.71314,1.69372,1.67913,1.66951,1.66475,1.66457,1.6685,1.67594,1.68616,1.69839,1.7118,1.72561,1.73907,1.75154,1.76251,1.77159,1.77859,1.78346,1.78631,1.78744,1.78725,1.78626,1.78504,1.78421,1.78437,1.78608,1.78982,1.79594,1.80466,1.81604,1.83,1.84626,1.86445,1.88403,1.90441,1.92493,1.94493,1.96379,1.98097,1.99604,2.00871,2.01886,2.02655,2.03202,2.03566,2.03799,2.03966,2.04135,2.04377,2.04759,2.0534,2.06166,2.07269,2.08664,2.10346,2.12293,2.14466,2.16812,2.19268,2.21763,2.24226,2.26587,2.28779,2.30749,2.3245,2.33849,2.34925,2.35667,2.36073,2.36149,2.35901,2.35338,2.34462,2.33275,2.31766,2.29921,2.27713,2.25111,2.22078,2.18573,2.14557,2.09993,2.04852
1.89943,1.94255,1.97612,2.00005,2.01445,2.01971,2.01641,2.00533,1.98745,1.96386,1.93578,1.90449,1.87128,1.83742,1.80413,1.77249,1.74346,1.71783,1.69619,1.67893,1.66623,1.65806,1.65421,1.65429,1.65778,1.66404,1.67236,1.68202,1.6923,1.70251,1.71207,1.72051,1.72749,1.73282,1.73648,1.73858,1.7394,1.73934,1.73887,1.73857,1.73902,1.74078,1.74439,1.7503,1.75884,1.77021,1.78447,1.8015,1.82105,1.84271,1.86597,1.89023,1.91483,1.9391,1.96241,1.98419,2.00398,2.02146,2.03646,2.04897,2.05917,2.06736,2.07399,2.07962,2.08485,2.09031,2.0966,2.10425,2.11369,2.12521,2.13895,2.15488,2.17281,2.1924,2.21318,2.23461,2.25607,2.27692,2.29655,2.31441,2.33001,2.34298,2.35303,2.36,2.36382,2.36448,2.36205,2.35658,2.34816,2.33681,2.3225,2.30515,2.28458,2.26052,2.23266,2.20063,2.16404,2.12249,2.07563,2.0232
1.87964,1.92498,1.961,1.98752,2.00464,2.01264,2.01204,2.00354,1.98805,1.96658,1.94028,1.91037,1.8781,1.84469,1.81133,1.77909,1.74893,1.72166,1.69789,1.67805,1.66238,1.65092,1.64352,1.63988,1.63955,1.64198,1.64655,1.65261,1.6595,1.66661,1.67341,1.67947,1.68448,1.68828,1.69084,1.69228,1.69287,1.69297,1.69306,1.69365,1.69531,1.69856,1.70391,1.71177,1.72247,1.73618,1.75294,1.77263,1.79501,1.81966,1.84608,1.87368,1.90179,1.92975,1.95693,1.98274,2.00669,2.02844,2.04776,2.0646,2.07906,2.09137,2.10191,2.11113,2.11958,2.12779,2.1363,2.14558,2.15602,2.16787,2.18128,2.19622,2.21254,2.22994,2.24802,2.26632,2.28429,2.30141,2.31714,2.33103,2.34266,2.35175,2.35806,2.36148,2.36198,2.35957,2.35431,2.34628,2.33554,2.3221,2.30592,2.28689,2.26481,2.2394,2.21035,2.17726,2.13975,2.09743,2.04995,1.99705
1.86128,1.90865,1.9469,1.97583,1.99545,2.006,2.00791,2.00183,1.98858,1.96911,1.9445,1.91592,1.88455,1.85158,1.81818,1.78539,1.75419,1.72537,1.6996,1.67733,1.65885,1.64427,1.6335,1.62632,1.62237,1.62117,1.62218,1.62482,1.62851,1.6327,1.63692,1.64076,1.64396,1.64635,1.64792,1.64879,1.64921,1.6495,1.65013,1.65156,1.65432,1.6589,1.66579,1.67536,1.68791,1.7036,1.72246,1.74437,1.76908,1.7962,1.82522,1.85557,1.8866,1.91765,1.94808,1.97731,2.00483,2.03026,2.05334,2.07396,2.09216,2.10812,2.12211,2.13454,2.14583,2.15647,2.16692,2.17759,2.18882,2.20085,2.21381,2.22768,2.24234,2.25754,2.27295,2.28817,2.30275,2.31625,2.32824,2.33834,2.34623,2.35168,2.35454,2.35474,2.35227,2.34719,2.33955,2.32943,2.31687,2.30188,2.28439,2.26425,2.24126,2.21511,2.18546,2.15192,2.11407,2.07153,2.02395,1.97106
1.84514,1.89433,1.93461,1.96572,1.98763,2.0005,2.00472,2.00087,1.98969,1.97208,1.94907,1.92174,1.89124,1.85873,1.82532,1.79207,1.75993,1.72972,1.7021,1.67759,1.65651,1.63903,1.62513,1.61465,1.60731,1.60272,1.6004,1.59987,1.60059,1.60208,1.6039,1.60571,1.60725,1.60838,1.60908,1.60945,1.60973,1.61023,1.61135,1.61353,1.61727,1.62301,1.6312,1.6422,1.65626,1.67354,1.69407,1.71773,1.74426,1.7733,1.80435,1.83686,1.87019,1.9037,1.93676,1.96877,1.99924,2.02773,2.05398,2.07782,2.09923,2.11832,2.1353,2.15048,2.16422,2.17694,2.18901,2.20081,2.21262,2.22467,2.23705,2.24978,2.26276,2.27578,2.28859,2.30083,2.31217,2.32224,2.33071,2.33727,2.34171,2.34385,2.34362,2.34098,2.33597,2.32866,2.31911,2.3074,2.29355,2.27755,2.2593,2.23864,2.21531,2.18899,2.1593,2.12585,2.08818,2.04592,1.9987,1.94624
1.83196,1.88277,1.92484,1.95789,1.98183,1.9968,2.00311,2.00128,1.992,1.97611,1.95457,1.92842,1.89877,1.86672,1.83337,1.79976,1.76682,1.73538,1.70613,1.6796,1.65617,1.63606,1.6193,1.60581,1.59538,1.58769,1.58234,1.57889,1.5769,1.57593,1.57559,1.57556,1.57561,1.57562,1.57555,1.57551,1.57568,1.57637,1.57792,1.58076,1.58531,1.59201,1.60125,1.61336,1.62859,1.64707,1.66883,1.69374,1.72158,1.75199,1.78449,1.81855,1.85357,1.88891,1.92397,1.95814,1.99092,2.02187,2.05068,2.07716,2.10122,2.12291,2.14238,2.15985,2.17564,2.19005,2.20343,2.21608,2.22826,2.24014,2.25184,2.26336,2.27464,2.28553,2.29581,2.30523,2.31351,2.32038,2.32559,2.32893,2.33026,2.32947,2.32655,2.32151,2.31442,2.30535,2.2944,2.28161,2.26701,2.25054,2.23208,2.21143,2.1883,2.16234,2.13314,2.10026,2.06325,2.02169,1.97521,1.92353
1.82236,1.87456,1.91819,1.95293,1.97866,1.99547,2.00363,2.0036,1.99603,1.9817,1.96152,1.93649,1.90766,1.8761,1.84288,1.80902,1.77544,1.74297,1.71232,1.68405,1.65857,1.63613,1.61684,1.60067,1.58748,1.57701,1.56894,1.5629,1.55848,1.55532,1.55306,1.55141,1.55016,1.54918,1.54846,1.54806,1.54816,1.54901,1.55093,1.5543,1.5595,1.56693,1.57695,1.58987,1.6059,1.62518,1.64771,1.67341,1.70204,1.73326,1.76665,1.80168,1.83778,1.87435,1.91078,1.94649,1.98096,2.01377,2.04455,2.07308,2.09923,2.123,2.14445,2.16376,2.18116,2.19689,2.21124,2.22446,2.23675,2.2483,2.25919,2.26945,2.27903,2.28784,2.29571,2.30246,2.30789,2.31182,2.31407,2.31453,2.31312,2.30981,2.30463,2.29765,2.28895,2.27864,2.26679,2.25345,2.23861,2.22219,2.20405,2.18393,2.1615,2.13639,2.10813,2.07626,2.04031,1.99982,1.95441,1.9038
1.81684,1.87021,1.91515,1.95133,1.97859,1.99698,2.00674,2.00829,2.00224,1.98931,1.97038,1.94638,1.91835,1.88732,1.85431,1.82033,1.78629,1.75302,1.72124,1.69152,1.6643,1.63988,1.61842,1.59995,1.58436,1.57148,1.56105,1.55274,1.54622,1.54115,1.53722,1.53418,1.53181,1.53001,1.52873,1.52804,1.52807,1.52905,1.53127,1.53504,1.54072,1.54866,1.55919,1.57259,1.58907,1.60874,1.63163,1.65763,1.68655,1.71808,1.75181,1.78725,1.82386,1.86106,1.89827,1.93492,1.9705,2.00457,2.03674,2.06677,2.09447,2.11978,2.14273,2.16341,2.18198,2.19865,2.21363,2.22712,2.2393,2.25033,2.26029,2.26922,2.2771,2.28388,2.28945,2.2937,2.29651,2.29776,2.29738,2.29531,2.29155,2.28614,2.27916,2.2707,2.26088,2.24981,2.23757,2.22418,2.20962,2.19377,2.17643,2.15731,2.13606,2.11223,2.08533,2.05486,2.0203,1.98119,1.93712,1.88779
1.81573,1.87006,1.91608,1.95343,1.98195,2.00166,2.01277,2.01568,2.01094,1.99926,1.98145,1.95843,1.93119,1.90071,1.86801,1.83406,1.79976,1.76593,1.7333,1.70245,1.67385,1.64782,1.62458,1.60418,1.5866,1.5717,1.55927,1.54905,1.54076,1.53409,1.52877,1.52457,1.52128,1.5188,1.51708,1.51616,1.51614,1.51722,1.51963,1.52368,1.52965,1.53788,1.54866,1.56224,1.57882,1.5985,1.62132,1.64719,1.67594,1.70728,1.74083,1.77615,1.81273,1.85002,1.88746,1.9245,1.96063,1.9954,2.02842,2.0594,2.08812,2.11448,2.13843,2.16003,2.17937,2.19658,2.21184,2.22532,2.23715,2.24747,2.25637,2.2639,2.27008,2.27488,2.27827,2.28018,2.28059,2.27944,2.27673,2.27249,2.26678,2.25969,2.25134,2.24187,2.23141,2.22007,2.20792,2.19497,2.18116,2.16634,2.15027,2.13261,2.11294,2.09079,2.06561,2.03686,2.004,1.96652,1.924,1.87611
1.81923,1.8743,1.92114,1.95942,1.98893,2.00971,2.02193,2.02596,2.02235,2.01175,1.99495,1.97285,1.94637,1.9165,1.88421,1.85044,1.81609,1.78196,1.74878,1.71713,1.68751,1.66027,1.63565,1.61374,1.59457,1.57805,1.56402,1.55227,1.54254,1.53459,1.52816,1.52303,1.51902,1.51602,1.51396,1.51286,1.51281,1.51395,1.51649,1.52067,1.52678,1.53508,1.54585,1.55931,1.57566,1.595,1.61737,1.6427,1.67083,1.70153,1.73445,1.76917,1.80523,1.8421,1.87926,1.91618,1.95234,1.9873,2.02066,2.05208,2.08134,2.10825,2.13275,2.15483,2.17451,2.1919,2.20712,2.22028,2.23151,2.24094,2.24865,2.25471,2.25916,2.26203,2.26333,2.26308,2.26129,2.258,2.25327,2.2472,2.23991,2.23155,2.22226,2.21222,2.20158,2.19043,2.17883,2.16679,2.15418,2.14083,2.12645,2.11064,2.09293,2.0728,2.04966,2.02292,1.99199,1.95634,1.91553,1.8692
1.82732,1.88292,1.93037,1.96932,1.99958,2.02116,2.03425,2.03919,2.03651,2.02684,2.01095,1.9897,1.96399,1.93477,1.90299,1.86957,1.83538,1.80121,1.76778,1.73569,1.70542,1.67736,1.65176,1.62877,1.60843,1.59071,1.57547,1.56255,1.55175,1.54283,1.53556,1.52975,1.52522,1.52184,1.51955,1.51834,1.51826,1.51943,1.52202,1.52622,1.53229,1.54046,1.55098,1.56406,1.57988,1.59855,1.62012,1.64454,1.67168,1.70133,1.73319,1.76689,1.80199,1.838,1.87442,1.91075,1.94649,1.98117,2.01439,2.0458,2.07512,2.10215,2.12676,2.14889,2.16853,2.18573,2.20057,2.21313,2.22353,2.23187,2.23825,2.24275,2.24545,2.24642,2.24573,2.24344,2.23965,2.23446,2.22801,2.22043,2.21192,2.20266,2.19285,2.18266,2.17225,2.16172,2.15111,2.14039,2.1294,2.11792,2.1056,2.09199,2.07658,2.05877,2.03794,2.01343,1.98464,1.95099,1.912,1.86731
1.83984,1.89577,1.9436,1.98298,2.01375,2.03589,2.04962,2.05526,2.05332,2.04444,2.02935,2.0089,1.98396,1.95545,1.92429,1.89138,1.85756,1.82361,1.79024,1.75803,1.7275,1.69901,1.67285,1.64919,1.6281,1.60957,1.59353,1.57982,1.56828,1.5587,1.55088,1.54462,1.53976,1.53616,1.53374,1.53248,1.53239,1.53356,1.53611,1.54023,1.54611,1.55397,1.56403,1.57649,1.59152,1.60923,1.62969,1.65287,1.67868,1.70694,1.73738,1.76968,1.80343,1.83819,1.87348,1.90882,1.94371,1.9777,2.01036,2.04132,2.07029,2.09701,2.12133,2.14312,2.16235,2.17902,2.19316,2.20485,2.21417,2.22123,2.22614,2.22899,2.22991,2.22899,2.22638,2.22218,2.21657,2.2097,2.20177,2.19299,2.18358,2.17378,2.1638,2.15384,2.14406,2.13455,2.12532,2.1163,2.1073,2.09804,2.08812,2.07703,2.0642,2.04898,2.03068,2.00861,1.9821,1.95056,1.91348,1.87047
1.85641,1.91249,1.96049,2.00008,2.03111,2.0536,2.06774,2.07388,2.07252,2.06429,2.04992,2.03022,2.00604,1.97829,1.94786,1.91561,1.88238,1.84891,1.81589,1.78391,1.75346,1.72493,1.69861,1.67468,1.65325,1.63432,1.61784,1.60371,1.59176,1.58183,1.57372,1.56724,1.56224,1.55856,1.55612,1.55486,1.55478,1.55592,1.55839,1.56232,1.56788,1.57527,1.58468,1.59631,1.61031,1.62682,1.64591,1.66759,1.69178,1.71835,1.74707,1.77765,1.80974,1.84292,1.87674,1.91073,1.94441,1.97734,2.00907,2.03922,2.06745,2.09349,2.11714,2.13823,2.1567,2.1725,2.18565,2.19619,2.2042,2.2098,2.21308,2.21419,2.21327,2.21048,2.206,2.2,2.19271,2.18435,2.17518,2.16546,2.15545,2.14542,2.13561,2.12623,2.11743,2.10928,2.10178,2.0948,2.08812,2.08139,2.07416,2.06587,2.05586,2.04344,2.02786,2.00837,1.98428,1.95494,1.91982,1.87852
1.87648,1.93253,1.98051,2.02011,2.0512,2.07381,2.08817,2.09463,2.0937,2.08599,2.07224,2.05325,2.02985,2.00291,1.97331,1.94188,1.90942,1.87667,1.84429,1.81285,1.78283,1.75462,1.72852,1.70471,1.68331,1.66435,1.64781,1.63359,1.62156,1.61156,1.60341,1.59694,1.59196,1.58835,1.58598,1.58478,1.58472,1.58582,1.58815,1.59181,1.59694,1.60372,1.61234,1.62296,1.63575,1.65086,1.66837,1.68831,1.71065,1.73529,1.76205,1.79066,1.82082,1.85215,1.88421,1.91656,1.94874,1.98029,2.01077,2.03976,2.06693,2.09195,2.11458,2.13465,2.15203,2.16666,2.17853,2.18767,2.19416,2.19809,2.19962,2.19888,2.19608,2.1914,2.18508,2.17737,2.16853,2.15885,2.14864,2.1382,2.12785,2.11787,2.10853,2.10002,2.09251,2.08604,2.08056,2.07592,2.07184,2.06792,2.06363,2.05835,2.05137,2.04192,2.02921,2.01243,1.99085,1.96377,1.93064,1.89104
1.89933,1.95519,2.00297,2.04238,2.07333,2.09589,2.11029,2.1169,2.11625,2.10897,2.09577,2.07744,2.05482,2.02875,2.00007,1.9696,1.9381,1.9063,1.87481,1.8442,1.81493,1.78738,1.76184,1.7385,1.7175,1.69887,1.68259,1.6686,1.65678,1.64698,1.63902,1.63275,1.62797,1.62454,1.62233,1.62125,1.62124,1.62228,1.62443,1.62775,1.63237,1.63844,1.64613,1.6556,1.66704,1.68058,1.69635,1.71439,1.73471,1.75724,1.78184,1.80829,1.83632,1.86557,1.89565,1.92613,1.95656,1.98647,2.01541,2.04297,2.06877,2.09247,2.11379,2.13253,2.14854,2.16172,2.17205,2.17955,2.1843,2.1864,2.18602,2.18334,2.17859,2.17201,2.16389,2.15452,2.14424,2.13338,2.1223,2.11135,2.10088,2.09119,2.08257,2.07521,2.06924,2.0647,2.06151,2.05946,2.05821,2.05731,2.05616,2.05408,2.05029,2.04396,2.03423,2.02026,2.00124,1.97646,1.94534,1.90742
1.92408,1.97961,2.02702,2.06607,2.09672,2.11905,2.13332,2.13994,2.13945,2.13249,2.11977,2.10209,2.08025,2.05509,2.02742,1.99804,1.96767,1.937,1.90665,1.87713,1.84889,1.8223,1.79764,1.7751,1.75481,1.73681,1.72111,1.70764,1.69629,1.68692,1.67937,1.67347,1.66904,1.66591,1.66395,1.66303,1.66308,1.66407,1.66601,1.66895,1.67299,1.67826,1.68493,1.69316,1.70313,1.715,1.7289,1.74492,1.76309,1.78338,1.80569,1.82985,1.85559,1.88262,1.91055,1.93897,1.96744,1.9955,2.02268,2.04857,2.07275,2.09486,2.11461,2.13176,2.14613,2.15762,2.16617,2.17182,2.17463,2.17474,2.17233,2.16761,2.16085,2.15235,2.14244,2.13147,2.11984,2.10792,2.09612,2.08483,2.07442,2.06523,2.05753,2.05153,2.04733,2.04494,2.04425,2.04498,2.04675,2.04904,2.05119,2.05245,2.05197,2.04886,2.0422,2.03108,2.01467,1.99222,1.9631,1.92686
1.94972,2.00477,2.05166,2.09021,2.1204,2.14235,2.15636,2.16287,2.16244,2.15571,2.14342,2.12635,2.10531,2.0811,2.05452,2.02632,1.99723,1.96788,1.93886,1.91065,1.8837,1.85833,1.83482,1.81336,1.79406,1.77698,1.76211,1.74941,1.73876,1.73003,1.72307,1.7177,1.71374,1.71102,1.70937,1.70866,1.70881,1.70974,1.71145,1.71397,1.71738,1.72181,1.72739,1.73431,1.74275,1.75287,1.76484,1.77877,1.79472,1.8127,1.83264,1.85441,1.87778,1.90246,1.92812,1.95435,1.98072,2.00675,2.032,2.05601,2.07836,2.09867,2.11663,2.13195,2.14446,2.15403,2.1606,2.1642,2.16491,2.16288,2.15832,2.15148,2.14266,2.13222,2.12054,2.10802,2.0951,2.08222,2.06982,2.05833,2.04815,2.03962,2.03302,2.02855,2.0263,2.02623,2.02819,2.03186,2.03679,2.0424,2.04796,2.05265,2.05556,2.05573,2.05218,2.04396,2.03018,2.01006,1.98293,1.94833
1.97513,2.02956,2.07581,2.11372,2.14331,2.16476,2.1784,2.18469,2.18423,2.17767,2.16577,2.14929,2.12904,2.10582,2.08038,2.05348,2.02577,1.99788,1.97036,1.94366,1.9182,1.89428,1.87215,1.852,1.83393,1.81799,1.80418,1.79245,1.78269,1.77479,1.76857,1.76386,1.76048,1.75823,1.75696,1.75651,1.75677,1.75765,1.75912,1.76121,1.76397,1.76752,1.77199,1.77757,1.78444,1.79279,1.8028,1.81461,1.82831,1.84395,1.86149,1.88083,1.90177,1.92406,1.94738,1.97132,1.99547,2.01937,2.04254,2.06452,2.08487,2.1032,2.11916,2.13248,2.14293,2.15039,2.15481,2.15621,2.15467,2.15039,2.14358,2.13455,2.12364,2.11124,2.0978,2.08377,2.06963,2.05588,2.04299,2.03142,2.02158,2.01385,2.00848,2.00568,2.0055,2.00788,2.0126,2.0193,2.02749,2.03649,2.04553,2.0537,2.06004,2.06352,2.0631,2.05778,2.04663,2.02882,2.00368,1.9707
1.9991,2.0528,2.09828,2.13544,2.16432,2.18516,2.19833,2.20433,2.20376,2.19732,2.18576,2.16986,2.15042,2.1282,2.10397,2.07841,2.05219,2.02588,1.99999,1.97495,1.95114,1.92884,1.90828,1.88962,1.87297,1.85836,1.84579,1.8352,1.82649,1.81954,1.81418,1.81024,1.80752,1.80583,1.80498,1.80482,1.8052,1.80604,1.80729,1.80894,1.81104,1.8137,1.81706,1.82129,1.8266,1.83318,1.84125,1.85095,1.86243,1.87574,1.89089,1.9078,1.92631,1.94619,1.96712,1.98874,2.01061,2.03228,2.05327,2.07311,2.09133,2.10754,2.12137,2.13251,2.14076,2.14597,2.1481,2.14716,2.14327,2.13664,2.12752,2.11624,2.10321,2.08887,2.07369,2.05819,2.04291,2.02835,2.01506,2.0035,1.99412,1.98728,1.98325,1.98221,1.98419,1.98908,1.99663,2.00643,2.0179,2.03032,2.04285,2.05451,2.06428,2.07105,2.07375,2.07131,2.06276,2.04725,2.02406,1.99269
2.02039,2.07325,2.11786,2.15415,2.18224,2.20239,2.21501,2.22064,2.21992,2.21356,2.20232,2.18699,2.16835,2.14716,2.12415,2.10001,2.07534,2.05068,2.02652,2.00325,1.98121,1.96067,1.94181,1.9248,1.9097,1.89656,1.88535,1.87603,1.86849,1.8626,1.85819,1.85509,1.85309,1.85199,1.85161,1.85176,1.85229,1.8531,1.85412,1.85534,1.85679,1.85858,1.86084,1.86376,1.86754,1.87241,1.87857,1.88622,1.89552,1.90655,1.91936,1.93389,1.95,1.96749,1.98605,2.00532,2.02489,2.04429,2.06304,2.08065,2.09666,2.11064,2.12222,2.13109,2.13702,2.13987,2.13959,2.13623,2.12992,2.12088,2.10941,2.09588,2.08073,2.06445,2.04758,2.03066,2.01428,1.99901,1.98538,1.97392,1.96507,1.9592,1.95657,1.95735,1.96152,1.96896,1.97936,1.99225,2.00699,2.02282,2.0388,2.05391,2.06705,2.07708,2.08284,2.08324,2.07725,2.06399,2.04274,2.01296
2.03777,2.08967,2.13331,2.16866,2.19587,2.21526,2.22728,2.2325,2.23159,2.22528,2.21434,2.19956,2.18172,2.16158,2.13983,2.11712,2.09404,2.07109,2.04872,2.02729,2.00711,1.9884,1.97134,1.95605,1.94261,1.93103,1.92128,1.91331,1.90701,1.90224,1.89884,1.89663,1.89539,1.89492,1.89502,1.8955,1.89619,1.89698,1.89779,1.8986,1.89943,1.90038,1.90159,1.90324,1.90556,1.90877,1.91311,1.91879,1.92599,1.93484,1.94538,1.9576,1.97138,1.98653,2.00276,2.01971,2.03698,2.0541,2.07057,2.08592,2.09966,2.11135,2.12061,2.12713,2.13067,2.13109,2.12836,2.12253,2.11376,2.10229,2.08846,2.07268,2.05544,2.03727,2.01876,2.00049,1.98309,1.96716,1.95328,1.94198,1.93372,1.92886,1.92768,1.93028,1.93666,1.94663,1.95984,1.97577,1.99373,2.01288,2.03223,2.05071,2.06714,2.08032,2.08906,2.09222,2.08873,2.07768,2.05833,2.03012
2.05002,2.10087,2.14344,2.17777,2.20405,2.22263,2.23401,2.23879,2.23767,2.23139,2.22074,2.20651,2.18948,2.17037,2.14988,2.12862,2.10715,2.08593,2.06538,2.04583,2.02753,2.0107,1.99549,1.98198,1.97024,1.96026,1.95202,1.94545,1.94042,1.93681,1.93445,1.93314,1.93268,1.93285,1.93344,1.93426,1.93512,1.93591,1.93652,1.93694,1.93719,1.93735,1.93757,1.93803,1.93896,1.94061,1.94323,1.94705,1.95227,1.95904,1.96743,1.97744,1.98898,2.00187,2.01583,2.03051,2.04552,2.06037,2.07458,2.08766,2.0991,2.10848,2.11539,2.11953,2.12065,2.11862,2.11342,2.10511,2.09388,2.08001,2.06385,2.04588,2.02661,2.00662,1.98653,1.96699,1.94865,1.93214,1.91808,1.90699,1.89936,1.89555,1.8958,1.90022,1.90877,1.92121,1.93716,1.95603,1.97709,1.99944,2.02203,2.04373,2.06331,2.07953,2.09113,2.09694,2.09587,2.08697,2.06948,2.04284
2.05603,2.10571,2.14714,2.18038,2.20568,2.22342,2.23414,2.23846,2.23711,2.23086,2.2205,2.20682,2.19058,2.17251,2.15328,2.13347,2.1136,2.09411,2.07538,2.05769,2.04129,2.02634,2.01297,2.00125,1.99122,1.98286,1.97613,1.97095,1.96721,1.96476,1.96343,1.96303,1.96333,1.96414,1.96521,1.96636,1.9674,1.96819,1.96864,1.96871,1.96841,1.96784,1.96714,1.9665,1.96615,1.96635,1.96738,1.96946,1.97284,1.97766,1.98403,1.99196,2.00138,2.0121,2.02389,2.03638,2.04918,2.06182,2.0738,2.08463,2.0938,2.10087,2.10544,2.1072,2.10592,2.10146,2.09381,2.08307,2.06943,2.05321,2.03482,2.01473,1.99352,1.9718,1.95025,1.92953,1.91034,1.89333,1.87914,1.86832,1.86135,1.85858,1.86025,1.86644,1.87707,1.89189,1.91044,1.93212,1.95612,1.98149,2.00715,2.03189,2.05444,2.07352,2.08784,2.09617,2.09741,2.09058,2.07491,2.04984
2.05478,2.1032,2.14341,2.17551,2.19979,2.21667,2.22671,2.23057,2.229,2.22278,2.2127,2.19957,2.18413,2.16709,2.14909,2.1307,2.11241,2.09462,2.07768,2.06183,2.04729,2.03419,2.02264,2.01267,2.00432,1.99754,1.9923,1.98849,1.986,1.98468,1.98436,1.98483,1.98588,1.98729,1.98884,1.99031,1.99152,1.99233,1.99263,1.99238,1.9916,1.99037,1.98883,1.98719,1.98568,1.98456,1.98413,1.98463,1.98631,1.98934,1.99384,1.99983,2.00725,2.01595,2.02566,2.03607,2.04675,2.05724,2.06706,2.07568,2.08263,2.08744,2.08972,2.08915,2.08551,2.07868,2.06866,2.05557,2.03962,2.02117,2.00064,1.97856,1.95554,1.93223,1.90932,1.88754,1.8676,1.85019,1.83594,1.82543,1.81912,1.81738,1.82042,1.8283,1.84091,1.85795,1.87895,1.90324,1.92997,1.95815,1.98664,2.0142,2.03951,2.06124,2.07808,2.08878,2.0922,2.08736,2.07346,2.04994
2.04543,2.09249,2.1314,2.16232,2.18555,2.20155,2.21092,2.21433,2.21255,2.20637,2.19659,2.184,2.16935,2.15332,2.13654,2.11954,2.10278,2.08664,2.07142,2.05736,2.04461,2.0333,2.0235,2.01523,2.00849,2.00324,1.99941,1.99692,1.99562,1.99538,1.99601,1.99731,1.99907,2.00105,2.00304,2.00482,2.0062,2.00703,2.0072,2.00667,2.00546,2.00364,2.00137,1.99883,1.99629,1.994,1.99226,1.99134,1.99148,1.99289,1.99567,1.99988,2.00546,2.01225,2.02003,2.02846,2.03712,2.04557,2.0533,2.05981,2.06461,2.06724,2.0673,2.06449,2.05859,2.0495,2.03723,2.02191,2.00379,1.98325,1.96074,1.93683,1.91216,1.88741,1.86331,1.8406,1.82003,1.8023,1.78806,1.77789,1.77226,1.77151,1.77585,1.78531,1.79975,1.81885,1.84209,1.86875,1.89797,1.92869,1.95974,1.98984,2.01765,2.0418,2.06095,2.07383,2.07928,2.07632,2.06414,2.04216
2.02732,2.07291,2.11047,2.14015,2.16232,2.17744,2.18614,2.18912,2.18715,2.18103,2.17155,2.15951,2.14564,2.1306,2.115,2.09934,2.08406,2.06951,2.05594,2.04358,2.03254,2.02293,2.01478,2.00811,2.00289,1.99908,1.99659,1.99532,1.99515,1.99591,1.99742,1.99949,2.00189,2.0044,2.00679,2.00885,2.01038,2.01124,2.01131,2.01054,2.00896,2.00664,2.00372,2.00041,1.99696,1.99365,1.99076,1.98858,1.98736,1.98731,1.98855,1.99114,1.99503,2.00009,2.00606,2.01264,2.01941,2.02593,2.03169,2.03619,2.03894,2.03949,2.03746,2.03253,2.0245,2.01329,1.99892,1.98154,1.96144,1.93899,1.9147,1.88916,1.86302,1.83701,1.81189,1.78841,1.76734,1.7494,1.73524,1.72545,1.72048,1.72068,1.72622,1.73713,1.75323,1.77417,1.7994,1.82818,1.85958,1.89254,1.92585,1.95819,1.9882,2.0145,2.03571,2.05056,2.05788,2.05668,2.04614,2.0257
2,2.04403,2.08016,2.10858,2.12966,2.14392,2.15197,2.15454,2.1524,2.14635,2.1372,2.1257,2.1126,2.09853,2.08406,2.0697,2.05583,2.04278,2.03078,2.02,2.01057,2.00254,1.99594,1.99076,1.98696,1.98447,1.98321,1.98307,1.98391,1.98558,1.98789,1.99065,1.99362,1.9966,1.99935,2.00165,2.00333,2.00421,2.0042,2.00324,2.00134,1.9986,1.99514,1.99118,1.98696,1.98277,1.9789,1.97563,1.97322,1.97189,1.97176,1.9729,1.97528,1.97874,1.98307,1.98794,1.99296,1.99767,2.00158,2.0042,2.00504,2.00365,1.99966,1.99277,1.98278,1.96963,1.95335,1.93413,1.91224,1.88812,1.86227,1.83532,1.80795,1.78089,1.75494,1.73086,1.70943,1.69138,1.67737,1.66798,1.66367,1.66474,1.67139,1.68359,1.70115,1.7237,1.75065,1.78123,1.8145,1.84937,1.88458,1.91883,1.95072,1.97886,2.00186,2.01845,2.02746,2.02788,2.01892,2
